Building Number,Building Name,Building,State,A10 Cleaning,A30 Utilities/Fuel,A40 Mechanic Oper-Maint,Grand Total,Overall Satisfaction,Occupancy,Building Sq Ft,Zip Code,Zip
NY0282ZZ,Jacob K. Javits Fb/C,NY0282ZZ-Jacob K. Javits Fb/C,NY,6175913.72,8863042.03,7432841.64,22471797.39,4,5500,2420272,10278-0004,10278
DC0459AF,Reagan Bldg Fob,DC0459AF-Reagan Bldg Fob,DC,3784131.18,5963968.07,5445657.56,15193756.81,3,700,2035880,20004-3002,20004
DC0035ZZ,Dwight D. Eisenhower,DC0035ZZ-Dwight D. Eisenhower,DC,5048002.34,2302708.04,4121234.61,11471944.99,5,1000,54193,20506-0001,20506
MD0778AG,Census Bureau Office,MD0778AG-Census Bureau Office,MD,3626616.21,2439613.37,3444038.85,9510268.43,5,2000,72808,20746-0000,20746
NY0128ZZ,Federal Bldg--201 Va,NY0128ZZ-Federal Bldg--201 Va,NY,2701316.94,2474058.92,3691266.27,8866642.13,1,1278,921306,10014-4811,10014
NY0350ZZ,Ted Weiss Federal Bu,NY0350ZZ-Ted Weiss Federal Bu,NY,2583168.63,3171708.65,3060549.52,8815426.80,2,1200,769122,10007-1823,10007
DC0105ZZ,New Executive Office,DC0105ZZ-New Executive Office,DC,1911076.44,2800399.79,4018283.80,8729760.03,3,1000,34669,20006-0000,20006
NY0351ZZ,Daniel P Moynihan Us,NY0351ZZ-Daniel P Moynihan Us,NY,2919851.27,2239978.49,3375846.10,8535675.86,4,550,754428,10007-1316,10007
CA0154ZZ,"Phillip Burton,Fb Ct","CA0154ZZ-Phillip Burton,Fb Ct",CA,3337912.33,1393942.23,3777803.00,8509657.56,3,1334,1244602,94102-3661,94102
NY0355ZZ,Alfonse M. D'Amato U,NY0355ZZ-Alfonse M. D'Amato U,NY,1875655.51,2674922.12,3135673.32,7686250.95,5,290,655527,11722-4469,11722
DC0028ZZ,William Jefferson Cl,DC0028ZZ-William Jefferson Cl,DC,2395031.40,2538974.30,2395162.43,7329168.13,3,1847,73543,20004-0000,20004
DC0021ZZ,Gsa,DC0021ZZ-Gsa,DC,2703651.21,1698428.32,2892512.36,7294591.89,1,3101,70433,20405-0001,20405
IL0205ZZ,Everett M. Dirksen,IL0205ZZ-Everett M. Dirksen,IL,2386175.12,2049471.43,2727313.74,7162960.29,4,1200,1207187,60604-1702,60604
OH0192ZZ,A J Celebrezze Fb,OH0192ZZ-A J Celebrezze Fb,OH,1974113.98,3898535.72,1278790.67,7151440.37,2,3500,1199328,44199-2001,44199
MD0278ZZ,New Carrollton Fed,MD0278ZZ-New Carrollton Fed,MD,2287437.92,2520262.01,1806508.95,6614208.88,4,4376,109768,20706-1348,20706
HI0011ZZ,Prince J. Kuhio Fob,HI0011ZZ-Prince J. Kuhio Fob,HI,1677671.98,3317342.69,1402425.36,6397440.03,3,1075,696210,96850-0001,96850
MO0127ZZ,Richard Bolling Fb,MO0127ZZ-Richard Bolling Fb,MO,1871148.38,2446661.66,2052259.43,6370069.47,3,1650,1061293,64106-2818,64106
IL0236FC,John C. Kluczynski F,IL0236FC-John C. Kluczynski F,IL,2064222.09,1753826.64,2423231.94,6241280.67,4,2000,1135757,60604-1505,60604
MI0131MC,P V Mcnamara F B,MI0131MC-P V Mcnamara F B,MI,1687672.48,2834171.65,1445201.91,5967046.04,4,996,944513,48226-2523,48226
MA0131ZZ,Jfk Federal Building,MA0131ZZ-Jfk Federal Building,MA,1511670.77,2594253.82,1814740.40,5920664.99,4,1939,839232,02203-0002,02203
DC0083ZZ,Orville Wright,DC0083ZZ-Orville Wright,DC,2496991.29,1457167.55,1959197.88,5913356.72,3,4300,84738,20591-0001,20591
DC0034ZZ,Wilbur J Cohen Bldg,DC0034ZZ-Wilbur J Cohen Bldg,DC,2090665.38,1355751.10,2331169.42,5777585.90,2,1700,104914,20201-0003,20201
MA0050ZZ,John J. Moakley Cour,MA0050ZZ-John J. Moakley Cour,MA,1529969.39,2269101.79,1926630.87,5725702.05,4,600,719126,02210-3002,02210
CA0281ZZ,Ronald Dellums Fed B,CA0281ZZ-Ronald Dellums Fed B,CA,2205318.48,1159248.20,2276447.53,5641014.21,4,900,900803,94612-5217,94612
IN1703ZZ,Major General Emmett,IN1703ZZ-Major General Emmett,IN,3241698.38,988039.06,1073242.38,5302979.82,3,3000,1579337,46249-1000,46249
DC0007ZZ,Veterans Admin,DC0007ZZ-Veterans Admin,DC,1770882.87,665764.46,2397486.20,4834133.53,3,2000,62522,20420-0001,20420
GA0121ZZ,Richard B. Russell,GA0121ZZ-Richard B. Russell,GA,1318826.19,1542986.26,1684280.82,4546093.27,2,700,1037222,30303-3309,30303
CA0150CC,Federal Building,CA0150CC-Federal Building,CA,1057964.67,1394657.73,2054145.37,4506767.77,4,1200,1052518,90033-2903,90033
PR0017ZZ,Degetau Fb & Ruiz-Na,PR0017ZZ-Degetau Fb & Ruiz-Na,PR,988151.28,2441816.50,844472.75,4274440.53,5,50,371743,00918-1703,00918
MO0095ZZ,Thomas F. Eagleton C,MO0095ZZ-Thomas F. Eagleton C,MO,1058580.35,1575553.84,1539751.59,4173885.78,5,650,954644,63102-1125,63102
CA0167ZZ,Edward J. Schwartz F,CA0167ZZ-Edward J. Schwartz F,CA,1022908.13,1753975.87,1334558.72,4111442.72,2,750,625715,92101-8897,92101
DC0505ZZ,Us Secret Serv Hdqtr,DC0505ZZ-Us Secret Serv Hdqtr,DC,1788470.59,408857.20,1902659.28,4099987.07,3,1200,39982,20001-0000,20001
MO0106ZZ,Robt A Young Fed Bld,MO0106ZZ-Robt A Young Fed Bld,MO,1892261.07,944709.54,1199764.68,4036735.29,5,2850,1004787,63103-2818,63103
NY0399ZZ,Theodore Roosevelt U,NY0399ZZ-Theodore Roosevelt U,NY,1337958.58,1669199.47,1026595.86,4033753.91,4,318,484495,11201-1818,11201
NY0234ZZ,Conrad B Duberstein,NY0234ZZ-Conrad B Duberstein,NY,1299088.42,1283017.97,1448668.84,4030775.23,4,635,497749,11201-1801,11201
CA0041ZZ,Us Court House,CA0041ZZ-Us Court House,CA,1464194.39,797048.95,1739680.63,4000923.97,5,500,758388,90012-4701,90012
NJ0108ZZ,Peter W. Rodino Fb,NJ0108ZZ-Peter W. Rodino Fb,NJ,622616.78,411508.98,2965711.16,3999836.92,4,372,444825,07102-2534,07102
DC0566ZZ,Atf National Headqua,DC0566ZZ-Atf National Headqua,DC,903851.52,1227953.76,1847699.39,3979504.67,3,850,30165,20000-0000,20000
DC0010ZZ,Lyndon B. Johnson Fe,DC0010ZZ-Lyndon B. Johnson Fe,DC,1219036.96,1024109.37,1681424.87,3924571.20,3,1150,55080,20202-0001,20202
DC0084ZZ,Wilbur Wright,DC0084ZZ-Wilbur Wright,DC,1043738.74,1861401.54,1015184.12,3920324.40,3,800,33821,20003-0000,20003
GA0087AD,Peachtree Summit Fb,GA0087AD-Peachtree Summit Fb,GA,1188838.99,1455358.18,1228749.80,3872946.97,4,500,803866,30308-3510,30308
MD0055ZZ,G H Fallon Fed Bldg,MD0055ZZ-G H Fallon Fed Bldg,MD,1269456.71,1490385.05,1074688.03,3834529.79,4,925,584284,21201-2825,21201
CA0305ZZ,San Francisco Federa,CA0305ZZ-San Francisco Federa,CA,1307830.24,1002457.02,1446931.07,3757218.33,2,900,523208,94103-1516,94103
DC0521AB,Epa East,DC0521AB-Epa East,DC,840184.45,1897570.53,802623.56,3540378.54,4,800,43667,20423-0001,20423
MD0056AG,Wash Nat Records Ct,MD0056AG-Wash Nat Records Ct,MD,597471.85,1512295.23,1394387.45,3504154.53,4,115,79813,20746-8000,20746
WA0101ZZ,Jackson Fb,WA0101ZZ-Jackson Fb,WA,1380172.71,1007130.31,1114182.29,3501485.31,3,1856,710279,98174-1009,98174
IL0303ZZ,Metcalfe Building,IL0303ZZ-Metcalfe Building,IL,1321154.74,781272.02,1390169.84,3492596.60,4,1200,711662,60604-3511,60604
PA0277BG,Wm J Green Jr Fb,PA0277BG-Wm J Green Jr Fb,PA,1285747.34,1277097.06,927313.22,3490157.62,4,1000,713506,19106-1611,19106
CA0283CC,Edward R Roybal Fb &,CA0283CC-Edward R Roybal Fb &,CA,1037994.44,948217.79,1465285.72,3451497.95,5,650,749854,90012-3332,90012
MA0013ZZ,John W. Mccormack Bu,MA0013ZZ-John W. Mccormack Bu,MA,914321.89,1199818.45,1319455.62,3433595.96,2,550,556865,02109-0000,02109
AK0031AA,Us Federal Building,AK0031AA-Us Federal Building,AK,1127267.20,1124849.18,1140798.95,3392915.33,3,804,456155,99513-7500,99513
MI0029ZZ,Theodore Levin Us Co,MI0029ZZ-Theodore Levin Us Co,MI,1047280.55,1096272.52,1120162.75,3263715.82,5,315,603999,48226-2700,48226
DC0522AB,Epa West,DC0522AB-Epa West,DC,802338.11,1688809.89,737676.64,3228824.64,2,1000,40354,20001-0000,20001
MA0153ZZ,Thomas P. O Neill Jr,MA0153ZZ-Thomas P. O Neill Jr,MA,1305124.43,621054.80,1277659.89,3203839.12,3,1220,667139,02222-1047,02222
NY0131ZZ,Alex Hamilton Us Cus,NY0131ZZ-Alex Hamilton Us Cus,NY,649194.77,995701.35,1558119.67,3203015.79,5,200,382085,10004-1415,10004
TX0284DA,E Cabell Fob/Uspo/Ct,TX0284DA-E Cabell Fob/Uspo/Ct,TX,1144707.12,804437.85,1153161.77,3102306.74,4,1600,898399,75242-1001,75242
DC0026ZZ,Lafayette,DC0026ZZ-Lafayette,DC,706458.19,1089035.84,1303397.55,3098891.58,2,500,46681,20009-0000,20009
MN0092ZZ,U.S. Courthouse,MN0092ZZ-U.S. Courthouse,MN,941288.24,1342994.50,783002.67,3067285.41,5,425,474100,55415-1320,55415
CA0295ZZ,Ronald Reagan Fb & C,CA0295ZZ-Ronald Reagan Fb & C,CA,1058984.84,862250.39,1141348.54,3062583.77,5,250,506215,92701-4500,92701
DC0463ZZ,"601 - 4th St, Nw","DC0463ZZ-601 - 4th St, Nw",DC,1204317.40,530907.09,1282630.84,3017855.33,5,1100,31653,20001-2605,20001
NY0270ZZ,Emanuel Celler Us Co,NY0270ZZ-Emanuel Celler Us Co,NY,645197.16,1038291.84,1312244.73,2995733.73,4,318,294394,11201-1818,11201
CA0309ZZ,Robert E. Coyle Fede,CA0309ZZ-Robert E. Coyle Fede,CA,751534.06,751001.48,1464401.04,2966936.58,3,250,392508,93721-1321,93721
CA0168ZZ,Federal Building,CA0168ZZ-Federal Building,CA,960016.97,1122814.60,857729.55,2940561.12,5,250,515903,90024-3602,90024
PA0158ZZ,United States Courth,PA0158ZZ-United States Courth,PA,985686.47,1220058.28,687419.51,2893164.26,4,486,703986,15219-1906,15219
VA0321ZZ,Av Bryan Sr Courthou,VA0321ZZ-Av Bryan Sr Courthou,VA,898264.74,551027.07,1372993.84,2822285.65,3,250,31373,22314-5702,22314
PA0278BG,James A Byrne Us Cou,PA0278BG-James A Byrne Us Cou,PA,1263043.68,807733.46,673990.07,2744767.21,4,646,738524,19106-1729,19106
DC0030ZZ,National Building Mu,DC0030ZZ-National Building Mu,DC,620643.97,945144.89,1102681.80,2668470.66,5,120,11615,20001-0000,20001
MO0050ZZ,Charles Evans Whitta,MO0050ZZ-Charles Evans Whitta,MO,803159.88,1013584.34,847960.46,2664704.68,3,325,545146,64106-2607,64106
DC0086ZZ,Thomas P. Oneill Jr.,DC0086ZZ-Thomas P. Oneill Jr.,DC,855855.20,687406.01,1079960.12,2623221.33,2,301,47703,20024-0000,20024
LA0085ZZ,H Boggs Fed Bldg/Cou,LA0085ZZ-H Boggs Fed Bldg/Cou,LA,910803.44,708890.28,957676.12,2577369.84,5,400,597705,70130-3319,70130
OH0301ZZ,Carl B Stokes U.S. C,OH0301ZZ-Carl B Stokes U.S. C,OH,940635.60,920195.84,662300.49,2523131.93,5,275,605754,44113-1829,44113
FL0017ZZ,Bryan Simpson Unites,FL0017ZZ-Bryan Simpson Unites,FL,819063.88,864918.88,785586.12,2469568.88,4,239,401627,32202-4298,32202
FL0010ZZ,"Wilkie D. Ferguson,","FL0010ZZ-Wilkie D. Ferguson,",FL,918182.88,870656.96,656086.71,2444926.55,5,367,482139,33128-1813,33128
MD0232ZZ,Southern Md Courthse,MD0232ZZ-Southern Md Courthse,MD,753205.61,529324.14,1135290.54,2417820.29,4,170,22308,20770-1249,20770
CO0039ZZ,Byron G.Rogers Fb-Ct,CO0039ZZ-Byron G.Rogers Fb-Ct,CO,595225.55,809644.18,1009428.65,2414298.38,2,500,623294,80294-1961,80294
DC0094ZZ,Howard T. Markey Nat,DC0094ZZ-Howard T. Markey Nat,DC,571608.37,823316.69,1015632.88,2410557.94,4,315,19845,20011-3045,20011
AZ0303ZZ,Sandra D. O'Connor C,AZ0303ZZ-Sandra D. O'Connor C,AZ,802226.64,759216.88,842922.31,2404365.83,5,400,482997,85003-2117,85003
CA0091AA,Appraisers Bldg,CA0091AA-Appraisers Bldg,CA,930448.36,444001.45,1020208.37,2394658.18,4,400,435519,94111-2206,94111
TX0224ZZ,Fg Lanham Fed Bldg,TX0224ZZ-Fg Lanham Fed Bldg,TX,840354.43,706591.05,847564.77,2394510.25,3,1932,669336,76102-6124,76102
WA0102ZZ,Us District Courthou,WA0102ZZ-Us District Courthou,WA,991147.80,617936.73,751799.75,2360884.28,4,450,557077,98101-1271,98101
CA0096DD,James R. Browning U.,CA0096DD-James R. Browning U.,CA,1069375.66,425155.23,860362.38,2354893.27,3,250,312374,94103-1518,94103
MN0086TC,Bishop Henry Whipple,MN0086TC-Bishop Henry Whipple,MN,1144869.84,415009.79,778077.03,2337956.66,5,800,570172,55111-4080,55111
MD1440ZZ,Edward A Garmatz Us,MD1440ZZ-Edward A Garmatz Us,MD,749607.25,990101.69,546384.34,2286093.28,2,350,421089,21201-2605,21201
DC0033ZZ,Mary E. Switzer Buil,DC0033ZZ-Mary E. Switzer Buil,DC,676875.62,858250.44,710326.94,2245453.00,2,375,52615,20230-0001,20230
IL0054ZZ,Federal Building,IL0054ZZ-Federal Building,IL,1056354.89,391428.48,773895.52,2221678.89,5,730,577223,60605-1509,60605
MO0544AD,Fed Bldg No 1,MO0544AD-Fed Bldg No 1,MO,765441.16,731084.88,702511.76,2199037.80,4,455,1060933,64131-3009,64131
OH0189CN,John Weld Peck,OH0189CN-John Weld Peck,OH,1001965.96,474308.84,674431.61,2150706.41,4,1500,689771,45202-3222,45202
FL0012ZZ,Sam M. Gibbons Us Co,FL0012ZZ-Sam M. Gibbons Us Co,FL,680346.49,763496.14,684777.70,2128620.33,1,240,362364,33602-3849,33602
IN0133ZZ,Minton-Capehart F/B,IN0133ZZ-Minton-Capehart F/B,IN,934285.66,453075.05,732524.63,2119885.34,4,715,400312,46204-1563,46204
NJ0144ZZ,"Mlk, Jr Courthouse","NJ0144ZZ-Mlk, Jr Courthouse",NJ,602495.78,307749.65,1207230.71,2117476.14,5,360,308475,07102-3551,07102
WI0044ZZ,Fed Bldg & Us Cthse,WI0044ZZ-Fed Bldg & Us Cthse,WI,1029850.52,539047.54,544922.86,2113820.92,5,320,427773,53202-4500,53202
TX0211ZZ,B Casey Courthouse,TX0211ZZ-B Casey Courthouse,TX,768432.17,491615.25,846475.17,2106522.59,4,295,496481,77002-2600,77002
NV0304ZZ,Lloyd D. George Cour,NV0304ZZ-Lloyd D. George Cour,NV,629829.17,546901.46,884110.36,2060840.99,4,323,368969,89101-7065,89101
PA0144ZZ,Us Customhouse,PA0144ZZ-Us Customhouse,PA,822765.45,770748.78,460207.61,2053721.84,4,771,435830,19106-2912,19106
OH0028CN,Potter Stewart U.S.,OH0028CN-Potter Stewart U.S.,OH,710086.39,672146.62,634321.68,2016554.69,5,250,437718,45202-3905,45202
AZ0307ZZ,Evo A. Deconcini Cou,AZ0307ZZ-Evo A. Deconcini Cou,AZ,775034.81,591995.28,626635.42,1993665.51,4,200,349032,85701-5000,85701
KY0086ZZ,Romano Mazzoli Fb,KY0086ZZ-Romano Mazzoli Fb,KY,813049.92,638113.07,528374.07,1979537.06,4,1200,417326,40202-2239,40202
OR0052ZZ,Mark O. Hatfield U.S,OR0052ZZ-Mark O. Hatfield U.S,OR,647614.82,496113.07,801777.47,1945505.36,5,325,451482,97204-2930,97204
GA0010AE,Irs Annex,GA0010AE-Irs Annex,GA,638463.96,536527.65,761020.59,1936012.20,2,1300,387628,30341-3446,30341
IN0048ZZ,Birch Bayh Fed Bldg,IN0048ZZ-Birch Bayh Fed Bldg,IN,902257.84,475392.56,473170.89,1850821.29,5,297,359292,46204-1903,46204
CO0061ZZ,Alfred A. Arraj,CO0061ZZ-Alfred A. Arraj,CO,413106.70,591360.29,844669.05,1849136.04,2,120,252710,80294-2500,80294
TN0088ZZ,Clifford Davis-Odell,TN0088ZZ-Clifford Davis-Odell,TN,654757.13,574629.64,590516.45,1819903.22,1,250,370149,38103-1816,38103
CA0093ZZ,Federal Office Bldg,CA0093ZZ-Federal Office Bldg,CA,830090.69,343023.37,643521.72,1816635.78,4,500,291036,94102-4912,94102
AR0063RK,Little Rock Federal,AR0063RK-Little Rock Federal,AR,499020.88,544680.13,767580.87,1811281.88,4,870,347697,72201-3225,72201
MN0087ZZ,W E Burger Fb & Us C,MN0087ZZ-W E Burger Fb & Us C,MN,789802.12,649714.88,364276.77,1803793.77,2,219,342289,55101-1495,55101
CO0055ZZ,David Skaggs Researc,CO0055ZZ-David Skaggs Researc,CO,665146.53,82000.00,1043956.62,1791103.15,2,800,369568,80305-3337,80305
DC0501BC,Sidney Yates (Audito,DC0501BC-Sidney Yates (Audito,DC,642100.82,458712.49,654800.82,1755614.13,2,650,15232,20024-0000,20024
CO0624AA,Dfc Bldg 810,CO0624AA-Dfc Bldg 810,CO,869461.59,143021.43,709634.37,1722117.39,3,310,673643,80225-0546,80225
SC0068AA,Strom Thurmond Fb,SC0068AA-Strom Thurmond Fb,SC,640202.99,583399.25,486603.09,1710205.33,3,475,333926,29201-2430,29201
NE0531ZZ,Robert Denney Fb&Ct,NE0531ZZ-Robert Denney Fb&Ct,NE,637360.40,414882.42,657554.63,1709797.45,5,400,376156,68508-3859,68508
NE0051ZZ,Edward Zorinsky Fed,NE0051ZZ-Edward Zorinsky Fed,NE,608738.72,628184.85,468770.81,1705694.38,4,250,356791,68102-4908,68102
GA0007ZZ,M. L. King Jr. Fb,GA0007ZZ-M. L. King Jr. Fb,GA,493603.16,472570.24,689759.64,1655933.04,5,400,336592,30303-3458,30303
WV0163ZZ,Robert C. Byrd Fb &,WV0163ZZ-Robert C. Byrd Fb &,WV,711973.63,408464.98,520025.11,1640463.72,5,252,319651,25301-2503,25301
IA0112ZZ,Neal Smith Federal B,IA0112ZZ-Neal Smith Federal B,IA,686230.86,244169.17,701754.18,1632154.21,5,475,345360,50309-2115,50309
MD0767AG,Noaa Satellite Opera,MD0767AG-Noaa Satellite Opera,MD,570144.75,127755.23,927785.71,1625685.69,1,500,19835,20746-0000,20746
CO0516AA,Dfc Bldg 41,CO0516AA-Dfc Bldg 41,CO,484415.44,402880.17,727534.50,1614830.11,4,410,490923,80225-0000,80225
CA0152ZZ,John E. Moss Federal,CA0152ZZ-John E. Moss Federal,CA,560641.40,286886.98,756169.18,1603697.56,4,531,326958,95814-4708,95814
CA0289JJ,New Commercial Fac,CA0289JJ-New Commercial Fac,CA,572240.90,320051.79,708160.70,1600453.39,4,75,144257,92154-7209,92154
MS0007ZZ,U.S. Courthouse,MS0007ZZ-U.S. Courthouse,MS,587753.84,342730.40,665921.41,1596405.65,4,320,391877,39201-0000,39201
FL0067ZZ,Chas. E. Bennett Fb,FL0067ZZ-Chas. E. Bennett Fb,FL,563326.18,538087.82,484612.51,1586026.51,4,768,299941,32202-4410,32202
MO0039ZZ,Federal Bg,MO0039ZZ-Federal Bg,MO,520158.28,779142.18,264059.93,1563360.39,4,400,406567,64131-3061,64131
FL0025ZZ,U.S. Courthouse Anne,FL0025ZZ-U.S. Courthouse Anne,FL,545267.33,569874.00,446515.37,1561656.70,4,296,318503,32801-0401,32801
TX0435HF,1 Justice Park Drive,TX0435HF-1 Justice Park Drive,TX,478197.46,558210.13,496987.01,1533394.60,5,590,283967,77092-1900,77092
IN0300ZZ,U.S. Courthouse,IN0300ZZ-U.S. Courthouse,IN,679037.42,331611.91,522135.06,1532784.39,5,164,233692,46320-1840,46320
NY0281ZZ,James M Hanley Fb,NY0281ZZ-James M Hanley Fb,NY,497737.39,440942.90,585311.02,1523991.31,3,481,294083,13261-6100,13261
AK0013ZZ,Hurff A. Saunders Fb,AK0013ZZ-Hurff A. Saunders Fb,AK,562040.54,473583.56,475997.31,1511621.41,4,400,284072,99801-1807,99801
WA0953KC,Fed Ctr So Office,WA0953KC-Fed Ctr So Office,WA,546583.88,579067.55,382431.91,1508083.34,5,179,413214,98134-2388,98134
MD0205ZZ,Ss Metro Center 1,MD0205ZZ-Ss Metro Center 1,MD,412148.79,551666.64,540431.72,1504247.15,4,400,16820,20910-3225,20910
TX0298ZZ,Gt Leland Federal Bl,TX0298ZZ-Gt Leland Federal Bl,TX,474903.00,361789.37,662408.81,1499101.18,3,900,346667,77002-8049,77002
NY0371ZZ,Robert H Jackson Us,NY0371ZZ-Robert H Jackson Us,NY,502678.48,615571.44,377522.83,1495772.75,3,140,231833,14202-3350,14202
NE0036ZZ,Hruska Us Courthouse,NE0036ZZ-Hruska Us Courthouse,NE,544216.01,529593.96,419305.35,1493115.32,4,130,286610,68102-1300,68102
NM0050ZZ,Pete Domenici Courth,NM0050ZZ-Pete Domenici Courth,NM,443194.67,419333.23,623736.81,1486264.71,4,216,257711,87102-2272,87102
CA0273ZZ,Glenn M Anderson Fed,CA0273ZZ-Glenn M Anderson Fed,CA,432826.61,426063.68,625272.05,1484162.34,4,550,235346,00009-0802,00009
MS0083ZZ,Dr. A. H. Mc Coy Fb,MS0083ZZ-Dr. A. H. Mc Coy Fb,MS,595246.00,305336.64,579698.53,1480281.17,4,600,370031,39269-1602,39269
IL0311ZZ,Stanley J. Roszkowsk,IL0311ZZ-Stanley J. Roszkowsk,IL,653857.32,240008.24,585590.85,1479456.41,5,75,211414,61101-0000,61101
TN0004ZZ,Howard Baker Jr Cths,TN0004ZZ-Howard Baker Jr Cths,TN,556028.76,472702.43,445318.56,1474049.75,5,275,310606,37902-2327,37902
CA0260ZZ,Robert F. Peckham Fb,CA0260ZZ-Robert F. Peckham Fb,CA,448959.65,235775.68,782130.12,1466865.45,3,280,231455,95113-3002,95113
TX0397ZZ,New Austin Courthous,TX0397ZZ-New Austin Courthous,TX,352870.24,444300.49,652931.32,1450102.05,4,130,189231,78701-3822,78701
NM0030ZZ,D Chavez Federal Bld,NM0030ZZ-D Chavez Federal Bld,NM,539780.42,410282.27,498782.73,1448845.42,3,514,310862,87102-3118,87102
AL0003AC,Frank Johnson Annex,AL0003AC-Frank Johnson Annex,AL,437721.30,593334.20,414622.87,1445678.37,4,180,262016,36104-4056,36104
NY0304ZZ,Kenneth B Keating Fb,NY0304ZZ-Kenneth B Keating Fb,NY,379327.26,564718.75,479511.86,1423557.87,2,200,235373,14614-1350,14614
OR0043ZZ,E.Green - W.Wyatt Fb,OR0043ZZ-E.Green - W.Wyatt Fb,OR,679466.60,297676.48,442078.42,1419221.50,3,412,372461,97204-2825,97204
NC0113ZZ,Hiram H. Ward Fb & C,NC0113ZZ-Hiram H. Ward Fb & C,NC,648387.65,293543.06,473708.80,1415639.51,2,650,226363,27101-3914,27101
WA0063ZZ,Fed Bldg Uspo & Ch,WA0063ZZ-Fed Bldg Uspo & Ch,WA,796294.97,248783.09,370383.14,1415461.20,4,500,343582,99352-3589,99352
CO0627AA,Dfc Bldg 67,CO0627AA-Dfc Bldg 67,CO,604034.32,266597.36,544323.56,1414955.24,1,775,342722,80225-0546,80225
TN0052AA,E Kefauver Fed Bldg,TN0052AA-E Kefauver Fed Bldg,TN,504369.39,524485.90,375474.70,1404329.99,4,1338,291971,37203-3816,37203
KS0094ZZ,Robert J. Dole Us Ct,KS0094ZZ-Robert J. Dole Us Ct,KS,428377.96,489650.22,481667.08,1399695.26,4,245,238040,66101-2448,66101
KY0045ZZ,Gene Snyder Usct-Cu,KY0045ZZ-Gene Snyder Usct-Cu,KY,710922.28,342659.11,327413.73,1380995.12,3,375,361991,40202-2238,40202
SC0010ZZ,Matthew Perry Usct,SC0010ZZ-Matthew Perry Usct,SC,409772.49,510363.61,456015.22,1376151.32,1,52,182058,29201-2328,29201
IL0032ZZ,Customhouse,IL0032ZZ-Customhouse,IL,492872.41,183653.97,687027.17,1363553.55,2,250,247309,60607-4523,60607
VA0578ZZ,Spottswood W. Robins,VA0578ZZ-Spottswood W. Robins,VA,651438.53,327057.92,363470.70,1341967.15,5,223,220669,23219-0000,23219
CO0009ZZ,Byron White Us Crths,CO0009ZZ-Byron White Us Crths,CO,320778.15,439555.53,540761.50,1301095.18,4,80,234998,80202-2505,80202
NY0395CB,Cargo Building,NY0395CB-Cargo Building,NY,745010.69,362471.99,190396.75,1297879.43,4,90,80795,12919-4440,12919
CO0511AA,Dfc Bldg 20,CO0511AA-Dfc Bldg 20,CO,381097.09,39389.53,861880.05,1282366.67,3,300,389299,80225-0546,80225
PR0003ZZ,Jose V. Toledo Fb &,PR0003ZZ-Jose V. Toledo Fb &,PR,395904.94,325055.28,559947.72,1280907.94,5,65,93095,00901-0000,00901
NY0323ZZ,Silvio V Mollo Fb,NY0323ZZ-Silvio V Mollo Fb,NY,617650.51,331582.67,329827.09,1279060.27,4,300,133800,10007-1701,10007
MD0068ZZ,Ssa Metro West,MD0068ZZ-Ssa Metro West,MD,74938.32,465372.52,728966.79,1269277.63,2,1800,899892,21201-1581,21201
MD0334ZZ,Harvey W. Wiley Fede,MD0334ZZ-Harvey W. Wiley Fede,MD,292204.17,930534.30,44421.28,1267159.75,3,600,388500,20740-0000,20740
NC0002AE,Veach-Baley Federal,NC0002AE-Veach-Baley Federal,NC,373593.30,554445.96,337599.84,1265639.10,4,434,240520,28801-2638,28801
PA0267ZZ,Ronald Reagan Federa,PA0267ZZ-Ronald Reagan Federa,PA,425022.88,562946.41,275579.00,1263548.29,5,320,218346,17108-9901,17108
CA0200ZZ,Federal Building,CA0200ZZ-Federal Building,CA,423275.45,392230.46,443628.70,1259134.61,3,700,205378,92701-4025,92701
VI0007ZZ,Ron De Lugo Fed Bldg,VI0007ZZ-Ron De Lugo Fed Bldg,VI,364874.46,463475.25,428879.22,1257228.93,4,87,73983,00802-6424,00802
VA0095ZZ,Richard H Poff Fed B,VA0095ZZ-Richard H Poff Fed B,VA,408947.46,403776.47,420137.98,1232861.91,2,200,255700,24011-2204,24011
CA0224ZZ,Hawthorne Federal Bu,CA0224ZZ-Hawthorne Federal Bu,CA,377263.68,352340.80,490023.25,1219627.73,2,250,205939,90250-0000,90250
VA0088ZZ,Federal Office Build,VA0088ZZ-Federal Office Build,VA,521426.03,333212.28,353022.85,1207661.16,3,789,333461,23219-4817,23219
OR0033PE,911 Federal Bldg,OR0033PE-911 Federal Bldg,OR,450767.18,263890.14,490779.22,1205436.54,4,377,247265,97232-4128,97232
OK0072CT,Okc Federal Bldg/Cou,OK0072CT-Okc Federal Bldg/Cou,OK,534819.84,428937.40,227462.90,1191220.14,5,195,269459,73102-3026,73102
MO0612AF,Federal Ctr Bg 105,MO0612AF-Federal Ctr Bg 105,MO,500759.47,297188.27,392320.00,1190267.74,2,528,372982,63120-1703,63120
UT0032ZZ,Wallace F Bennett Fb,UT0032ZZ-Wallace F Bennett Fb,UT,398235.27,261556.76,523635.08,1183427.11,2,325,324786,84138-1102,84138
MS0006AA,Dan M. Russell Jr U.,MS0006AA-Dan M. Russell Jr U.,MS,436969.82,436347.58,303956.49,1177273.89,5,80,161929,39501-2038,39501
AZ0052ZZ,Federal Building & C,AZ0052ZZ-Federal Building & C,AZ,365706.73,321008.06,470003.56,1156718.35,3,300,288634,85003-0230,85003
FL0082ZZ,George C. Young Fed.,FL0082ZZ-George C. Young Fed.,FL,451379.91,227097.30,470376.10,1148853.31,3,150,175999,32801-2231,32801
NJ0056ZZ,Fed. Bldg. 20 Washin,NJ0056ZZ-Fed. Bldg. 20 Washin,NJ,238082.14,330722.29,579088.35,1147892.78,4,250,137739,07102-3110,07102
DC0313ZZ,Judiciary Square,DC0313ZZ-Judiciary Square,DC,316776.47,197389.94,633053.18,1147219.59,4,300,102000,20001-2604,20001
TX0297ZZ,Alliance Tower,TX0297ZZ-Alliance Tower,TX,348599.44,234901.47,562826.88,1146327.79,4,505,226938,77074-2916,77074
CA0083ZZ,Federal Building,CA0083ZZ-Federal Building,CA,257319.36,109905.39,728977.83,1096202.58,3,152,160549,95814-2510,95814
LA0034ZZ,Fe Hebert Federal Bl,LA0034ZZ-Fe Hebert Federal Bl,LA,328108.97,356048.11,404305.14,1088462.22,5,400,209266,70130-3413,70130
CA9551RR,Richard H Chambers C,CA9551RR-Richard H Chambers C,CA,644096.34,153489.65,290396.71,1087982.70,4,140,146682,91105-1643,91105
TX0302ZZ,The Centre Phase 5,TX0302ZZ-The Centre Phase 5,TX,332987.73,261786.71,492693.10,1087467.54,4,300,321884,75244-4201,75244
LA0099ZZ,Jm Shaw Courthouse,LA0099ZZ-Jm Shaw Courthouse,LA,367379.52,203039.29,516232.29,1086651.10,4,150,178528,70501-6832,70501
LA0033ZZ,New Orleans Custom H,LA0033ZZ-New Orleans Custom H,LA,352210.58,209461.36,507234.66,1068906.60,3,71,296483,70130-2329,70130
MO0551AG,Frc Bldg 100,MO0551AG-Frc Bldg 100,MO,59727.71,467116.22,534684.67,1061528.60,2,25,1015363,63132-1547,63132
NV0294ZZ,Bruce R. Thompson Co,NV0294ZZ-Bruce R. Thompson Co,NV,362158.47,236403.41,438495.18,1037057.06,5,85,171312,89501-2193,89501
NH0038ZZ,Warren B. Rudman Us,NH0038ZZ-Warren B. Rudman Us,NH,263821.29,490685.01,279399.35,1033905.65,4,150,102260,03301-3954,03301
TX0292ZZ,Am Smith Federal Bld,TX0292ZZ-Am Smith Federal Bld,TX,389576.01,195650.12,446937.81,1032163.94,4,250,189738,75202-5007,75202
WA0036ZZ,Fed Office Bldg,WA0036ZZ-Fed Office Bldg,WA,487922.31,234143.00,309269.56,1031334.87,4,338,236628,98104-1055,98104
ND0037ZZ,William L. Guy Fb/Po,ND0037ZZ-William L. Guy Fb/Po,ND,242588.04,166346.87,621512.59,1030447.50,2,137,139810,58501-3869,58501
CO0533AA,Dfc Bldg 56,CO0533AA-Dfc Bldg 56,CO,404519.99,173808.47,450339.49,1028667.95,1,300,354441,80225-0000,80225
OR0053ZZ,Wayne L. Morse Us Ct,OR0053ZZ-Wayne L. Morse Us Ct,OR,423249.90,178483.72,425050.58,1026784.20,5,94,237285,97401-2705,97401
WA0035ZZ,William Kenzo Nakamu,WA0035ZZ-William Kenzo Nakamu,WA,462867.82,206629.28,357275.82,1026772.92,5,123,150913,98104-1195,98104
NC0111AB,Terry Sanford Federa,NC0111AB-Terry Sanford Federa,NC,396019.25,335898.37,284827.60,1016745.22,3,300,324013,27601-1441,27601
TX0230ZZ,Gh Mahon Fed Bldg/Co,TX0230ZZ-Gh Mahon Fed Bldg/Co,TX,256463.56,184500.40,572755.41,1013719.37,3,160,160199,79401-4037,79401
CA0235ZZ,Leo J. Ryan Federal,CA0235ZZ-Leo J. Ryan Federal,CA,313710.35,156906.33,542047.65,1012664.33,4,40,227838,94066-2350,94066
OH0194ZZ,John F Seiberling Fb,OH0194ZZ-John F Seiberling Fb,OH,357673.16,230488.17,418781.28,1006942.61,5,180,186137,44308-1813,44308
LA0097BT,Long Federal Bldg,LA0097BT-Long Federal Bldg,LA,295845.70,222960.28,482824.00,1001629.98,5,140,149637,70801-1717,70801
TX0058DA,Santa Fe Federal Bld,TX0058DA-Santa Fe Federal Bld,TX,349166.00,285053.17,356632.04,990851.21,3,400,274786,75242-1001,75242
IA0121ZZ,Courthouse,IA0121ZZ-Courthouse,IA,438356.95,1237.07,550097.27,989691.29,3,152,305999,52401-0000,52401
MI0501BC,Hart-Dole-Inouye Bld,MI0501BC-Hart-Dole-Inouye Bld,MI,502179.72,234101.52,250623.24,986904.48,5,699,221635,49037-3001,49037
ID0025ZZ,James A Mcclure Fed,ID0025ZZ-James A Mcclure Fed,ID,432565.64,181685.14,370616.42,984867.20,3,300,250147,83724-0101,83724
KS0092ZZ,Frank Carlson Fb&Ct,KS0092ZZ-Frank Carlson Fb&Ct,KS,350738.22,301217.20,329297.55,981252.97,5,395,192479,66683-3503,66683
MI0137ZZ,Gerald R. Ford Build,MI0137ZZ-Gerald R. Ford Build,MI,412330.62,277101.68,290879.27,980311.57,5,150,182435,49503-2313,49503
NM0061ZZ,Las Cruces Courthous,NM0061ZZ-Las Cruces Courthous,NM,261131.77,369996.76,342242.15,973370.68,4,160,183124,88001-3572,88001
MI0503BC,Fed Ctr Bldg No 2,MI0503BC-Fed Ctr Bldg No 2,MI,488861.97,242815.20,241294.19,972971.36,5,494,214800,49037-3085,49037
OK0063ZZ,Tulsa Federal Bldg,OK0063ZZ-Tulsa Federal Bldg,OK,140665.58,99456.16,725401.16,965522.90,4,50,116904,74103-3006,74103
AK0029ZZ,Federal Building,AK0029ZZ-Federal Building,AK,257226.63,408334.61,295269.33,960830.57,4,114,100838,99701-6236,99701
FL0089ZZ,Fb-Ct,FL0089ZZ-Fb-Ct,FL,326010.13,303269.26,320938.46,950217.85,1,200,168923,33301-1944,33301
TX0319ZZ,Armenadriz U.S. Cour,TX0319ZZ-Armenadriz U.S. Cour,TX,280995.55,380831.30,276731.90,938558.75,1,80,210803,79901-2503,79901
MO0570AG,Chas F Prevedel Fb,MO0570AG-Chas F Prevedel Fb,MO,426111.18,46653.66,460960.37,933725.21,4,108,377024,63132-1547,63132
OK0101ZZ,Oklahoma City Federa,OK0101ZZ-Oklahoma City Federa,OK,319702.26,401285.78,202668.55,923656.59,4,350,167254,73102-2823,73102
MD0006ZZ,Us Customhouse,MD0006ZZ-Us Customhouse,MD,332319.00,326228.36,264059.24,922606.60,4,175,135148,21202-4022,21202
GA0077AC,"Juliette Gordon Low,","GA0077AC-Juliette Gordon Low,",GA,404335.12,289893.03,228347.77,922575.92,4,514,181600,31401-3604,31401
FL0030ZZ,"Alto Lee Adams, Sr.","FL0030ZZ-Alto Lee Adams, Sr.",FL,249658.85,326420.61,339225.36,915304.82,1,47,123400,34950-0000,34950
TN0006ZZ,Joel W.Solomon Fbct,TN0006ZZ-Joel W.Solomon Fbct,TN,388294.80,192360.48,332826.71,913481.99,5,165,119383,37403-0000,37403
OH0046ZZ,Kinneary Us Cthse,OH0046ZZ-Kinneary Us Cthse,OH,393632.47,219443.09,298960.93,912036.49,4,165,214440,43215-2823,43215
CO0054ZZ,Cesar E. Chavez Memo,CO0054ZZ-Cesar E. Chavez Memo,CO,325844.74,252638.12,331933.97,910416.83,4,391,188807,00008-0204,00008
NV0013ZZ,Foley Fob & Courthou,NV0013ZZ-Foley Fob & Courthou,NV,346160.22,173937.72,388165.21,908263.15,3,109,196077,89101-5833,89101
OH0208CL,Bricker Federal Bldg,OH0208CL-Bricker Federal Bldg,OH,368969.57,280908.84,254344.26,904222.67,3,350,228555,43215-2463,43215
WA0064ZZ,Thomas S. Foley Us C,WA0064ZZ-Thomas S. Foley Us C,WA,453006.74,193411.14,251575.89,897993.77,4,260,235792,99201-1010,99201
OK0046CT,Okc Post Office/Cour,OK0046CT-Okc Post Office/Cour,OK,383484.10,316453.79,195619.53,895557.42,1,253,199632,73102-3440,73102
GA0008ZZ,Elbert P. Tuttle Us,GA0008ZZ-Elbert P. Tuttle Us,GA,268185.34,251777.20,363861.70,883824.24,4,45,173676,30303-2289,30303
TX0057ZZ,Terminal Annex Feder,TX0057ZZ-Terminal Annex Feder,TX,248897.23,123132.33,511787.48,883817.04,2,100,222057,75242-4728,75242
MO0134ZZ,8930 Ward Pky Federa,MO0134ZZ-8930 Ward Pky Federa,MO,463928.08,190699.42,210979.25,865606.75,4,352,193055,64114-3302,64114
AL0011ZZ,Robert S. Vance Fb-C,AL0011ZZ-Robert S. Vance Fb-C,AL,332597.44,94407.06,437057.57,864062.07,5,40,157252,00003-5203,00003
WY0029ZZ,Joseph C O'Mahoney F,WY0029ZZ-Joseph C O'Mahoney F,WY,305099.24,291561.79,264095.49,860756.52,4,140,207777,82001-3633,82001
AR0085RK,Little Rock Uspo/Cth,AR0085RK-Little Rock Uspo/Cth,AR,288298.78,199611.50,372290.47,860200.75,4,50,153323,72201-3329,72201
WV0226ZZ,244 Needy Road,WV0226ZZ-244 Needy Road,WV,334330.67,229669.24,289126.16,853126.07,3,450,151187,25401-9431,25401
AR0030RK,Little Rock Uspo/Cou,AR0030RK-Little Rock Uspo/Cou,AR,301595.00,19184.96,525581.93,846361.89,1,80,251194,72201-3329,72201
CO0006ZZ,Fb-Cu,CO0006ZZ-Fb-Cu,CO,386227.77,245891.54,212991.31,845110.62,4,317,247309,80202-2500,80202
LA0035ZZ,Jm Wisdom Courthouse,LA0035ZZ-Jm Wisdom Courthouse,LA,288173.03,241674.41,314685.53,844532.97,5,40,180096,70130-3425,70130
TX0501HS,San Antonio Federal,TX0501HS-San Antonio Federal,TX,227047.18,345799.56,255266.34,828113.08,2,250,163060,78206-1209,78206
ME0061ZZ,M.C. Smith Fb Poch,ME0061ZZ-M.C. Smith Fb Poch,ME,264386.02,348515.81,212093.34,824995.17,5,101,127173,04401-4901,04401
OH0195ZZ,Fed Bldg & Us Cthse,OH0195ZZ-Fed Bldg & Us Cthse,OH,366792.39,194948.40,259264.49,821005.28,2,234,151686,45402-1443,45402
UT0017ZZ,Frank E Moss Courtho,UT0017ZZ-Frank E Moss Courtho,UT,202632.71,158567.04,451554.97,812754.72,3,58,234293,84101-2106,84101
FL0004ZZ,Us Crthse Annex,FL0004ZZ-Us Crthse Annex,FL,250889.75,263679.86,295405.26,809974.87,5,96,143710,32301-7736,32301
DE0016ZZ,J. Caleb Boggs Ch Fb,DE0016ZZ-J. Caleb Boggs Ch Fb,DE,392826.14,215926.04,198115.01,806867.19,5,125,180104,19801-3519,19801
CT0061ZZ,Robert N Giaimo Fb,CT0061ZZ-Robert N Giaimo Fb,CT,201675.00,301088.48,299472.07,802235.55,4,160,129553,06510-2022,06510
WV0171ZZ,Robert C. Byrd Fb &,WV0171ZZ-Robert C. Byrd Fb &,WV,249938.34,274153.26,273090.98,797182.58,5,250,160415,25801-4501,25801
TX0164ZZ,Hipolito F. Garcia F,TX0164ZZ-Hipolito F. Garcia F,TX,291844.34,146135.42,356780.37,794760.13,5,63,219061,78205-2001,78205
VT0024ZZ,Federal Bldg Uspo Ct,VT0024ZZ-Federal Bldg Uspo Ct,VT,341758.36,195018.17,256629.73,793406.26,4,155,134396,05401-4366,05401
NJ5003ZZ,Mitchell H Cohen Us,NJ5003ZZ-Mitchell H Cohen Us,NJ,323608.77,254563.78,211344.48,789517.03,3,70,147258,08102-1570,08102
OR0023ZZ,Gus J. Solomon Cthse,OR0023ZZ-Gus J. Solomon Cthse,OR,274726.15,176145.03,333676.76,784547.94,3,242,162010,97205-3037,97205
TX0250AU,Homer Thornberry Bld,TX0250AU-Homer Thornberry Bld,TX,238501.00,322083.60,223920.11,784504.71,4,120,179418,78701-2449,78701
VA0054ZZ,Walter E Hoffman Us,VA0054ZZ-Walter E Hoffman Us,VA,324687.52,219654.89,232573.97,776916.38,2,179,199980,23510-1915,23510
KS0070ZZ,U S Court House,KS0070ZZ-U S Court House,KS,271450.73,192952.99,310106.89,774510.61,4,107,147110,67202-2089,67202
MA0011ZZ,Cpt Jf Williams Cg B,MA0011ZZ-Cpt Jf Williams Cg B,MA,226797.67,267448.69,279859.72,774106.08,4,216,93300,02110-3349,02110
TX0313ZZ,Corpus Christi Court,TX0313ZZ-Corpus Christi Court,TX,210384.75,270053.86,292591.99,773030.60,5,130,145290,78401-2003,78401
VA1608ZZ,Federal Building,VA1608ZZ-Federal Building,VA,291783.10,218253.00,262660.80,772696.90,5,364,167053,23510-1811,23510
ND0046ZZ,Fb-Po,ND0046ZZ-Fb-Po,ND,393986.57,148124.69,226651.23,768762.49,4,75,270884,58102-4727,58102
FL0009ZZ,Ft. Myers Fed. Bldg.,FL0009ZZ-Ft. Myers Fed. Bldg.,FL,235572.57,250642.22,275387.52,761602.31,4,71,145505,33901-3000,33901
CT0059ZZ,Brien Mcmahon Usch&F,CT0059ZZ-Brien Mcmahon Usch&F,CT,234147.78,213996.91,298790.62,746935.31,3,115,116391,06604-4706,06604
FL0066AC,Paul G Rogers Fb-Ct,FL0066AC-Paul G Rogers Fb-Ct,FL,194922.85,342040.82,206633.81,743597.48,1,62,73248,33401-5101,33401
TX0808FW,Fed Ctr Bldg 23 Offi,TX0808FW-Fed Ctr Bldg 23 Offi,TX,261517.43,222252.40,257474.90,741244.73,2,169,105193,76115-3400,76115
IL0173ZZ,Paul Findley Buildin,IL0173ZZ-Paul Findley Buildin,IL,295160.70,156521.06,287414.37,739096.13,3,65,127123,62701-1626,62701
WA0120BN,Pac Highway Auto Bus,WA0120BN-Pac Highway Auto Bus,WA,292540.29,282539.09,162910.63,737990.01,1,53,30418,98230-9242,98230
MA0051ZZ,Springfield Federal,MA0051ZZ-Springfield Federal,MA,243518.84,235780.99,254212.15,733511.98,4,70,127005,01105-1811,01105
MO0147ZZ,Rush Hudson Limbaugh,MO0147ZZ-Rush Hudson Limbaugh,MO,295463.43,158435.92,278720.01,732619.36,4,60,138548,63703-6235,63703
IL2125ZZ,11 W Quincy Court,IL2125ZZ-11 W Quincy Court,IL,216796.15,93775.25,420190.55,730761.95,5,157,100553,60604-3908,60604
AL0076AB,Federal Building,AL0076AB-Federal Building,AL,373074.52,119975.27,233898.42,726948.21,4,620,196575,36602-3605,36602
CT0013ZZ,William R. Cotter Fb,CT0013ZZ-William R. Cotter Fb,CT,258780.51,238210.47,219268.56,716259.54,4,152,157931,06103-1125,06103
MN0015ZZ,G W Heaney F.B. & Us,MN0015ZZ-G W Heaney F.B. & Us,MN,208049.42,173075.00,321491.57,702615.99,4,66,125885,55802-1302,55802
CA0903OO,Usgs Bldg 3,CA0903OO-Usgs Bldg 3,CA,185889.46,216343.29,290525.80,692758.55,4,25,89558,94025-3561,94025
MO0531AD,Fed Bldg No 2,MO0531AD-Fed Bldg No 2,MO,341674.93,192330.49,157900.60,691906.02,3,615,260524,64131-3009,64131
SD0040ZZ,Fb,SD0040ZZ-Fb,SD,259276.17,154053.81,278456.10,691786.08,3,320,210466,00005-7401,00005
MT0017ZZ,Fb-Po-Ct,MT0017ZZ-Fb-Po-Ct,MT,466297.61,99374.28,125649.28,691321.17,2,150,129921,59802-4530,59802
TX0227AU,Jj Pickle Federal Bl,TX0227AU-Jj Pickle Federal Bl,TX,298134.25,81024.16,310135.82,689294.23,4,200,214795,78701-3233,78701
NY0002ZZ,James T. Foley Uspo,NY0002ZZ-James T. Foley Uspo,NY,296795.72,205528.97,186763.10,689087.79,2,124,198339,12207-2936,12207
NJ0088ZZ,Clarkson S Fisher Fb,NJ0088ZZ-Clarkson S Fisher Fb,NJ,304739.59,190024.11,193036.27,687799.97,4,99,163375,08608-1507,08608
NJ5002ZZ,Clarkson S Fisher Us,NJ5002ZZ-Clarkson S Fisher Us,NJ,279700.93,203926.62,199258.39,682885.94,3,135,123370,08608-1507,08608
UT0035ZZ,James V Hansen Feder,UT0035ZZ-James V Hansen Feder,UT,228747.34,170535.94,280912.83,680196.11,4,235,206345,84401-2310,84401
NH0030ZZ,James C. Cleveland F,NH0030ZZ-James C. Cleveland F,NH,168470.80,345700.85,153476.60,667648.25,4,100,109602,03301-3954,03301
AL0010ZZ,Federal Building-Cou,AL0010ZZ-Federal Building-Cou,AL,251663.64,209980.92,204174.37,665818.93,5,100,102168,35401-1521,35401
RI0009ZZ,Federal Bldg Usct,RI0009ZZ-Federal Bldg Usct,RI,213205.73,221636.06,220980.55,655822.34,5,50,123094,02903-1270,02903
NY0300ZZ,Leo W Obrien Fb,NY0300ZZ-Leo W Obrien Fb,NY,318320.51,116543.56,215563.71,650427.78,4,313,197851,12207-2335,12207
CA0221ZZ,John F Shea Fed Bldg,CA0221ZZ-John F Shea Fed Bldg,CA,183826.02,127769.69,336177.14,647772.85,4,70,70541,95404-4731,95404
TN0076ZZ,John J. Duncan Fb,TN0076ZZ-John J. Duncan Fb,TN,248847.18,145967.87,252104.93,646919.98,5,518,120171,37902-2540,37902
DC0078ZZ,1724 F Street Nw,DC0078ZZ-1724 F Street Nw,DC,110838.66,188098.42,345142.00,644079.08,4,80,4689,20006-0000,20006
VA0087ZZ,Federal Building,VA0087ZZ-Federal Building,VA,260017.35,232667.06,143496.87,636181.28,4,437,132929,23704-3818,23704
CT0024ZZ,New Haven Courthouse,CT0024ZZ-New Haven Courthouse,CT,202816.91,158753.10,269684.61,631254.62,4,75,116756,06510-0000,06510
TX0502HS,J Wood Courthouse,TX0502HS-J Wood Courthouse,TX,160324.14,211312.95,259168.17,630805.26,1,75,114990,78206-1100,78206
AL0039AB,John A Campbell Usct,AL0039AB-John A Campbell Usct,AL,231608.23,168723.53,229271.87,629603.63,1,88,103526,36602-3606,36602
WA0831KF,Building 7,WA0831KF-Building 7,WA,404832.99,7831.38,211451.46,624115.83,4,523,201065,98001-7426,98001
GA0078ZZ,Tomochichi Fb-Ch,GA0078ZZ-Tomochichi Fb-Ch,GA,254727.70,167865.50,200628.84,623222.04,4,50,110742,31401-3749,31401
MA0113ZZ,Harold D. Donohue Fe,MA0113ZZ-Harold D. Donohue Fe,MA,217691.46,188446.87,215209.18,621347.51,5,54,96724,01608-2093,01608
GA0030ZZ,John C. Godbold Fede,GA0030ZZ-John C. Godbold Fede,GA,165436.42,238132.49,216287.53,619856.44,4,130,110482,30303-0000,30303
IL0235FC,Uspo Loop Station,IL0235FC-Uspo Loop Station,IL,122197.84,417660.37,62650.84,602509.05,3,5,136173,60604-1501,60604
NJ0145ZZ,Robert A. Roe Fb,NJ0145ZZ-Robert A. Roe Fb,NJ,146592.33,156928.38,289656.76,593177.47,4,176,53663,07505-1961,07505
IA0119ZZ,Fed Bldg Uspo,IA0119ZZ-Fed Bldg Uspo,IA,273246.02,52884.59,264598.12,590728.73,2,70,74521,52240-4105,52240
TN0012ZZ,James H. Quillen Usc,TN0012ZZ-James H. Quillen Usc,TN,245689.43,159278.31,180088.46,585056.20,5,75,136103,37743-1100,37743
MO0022ZZ,Christopher Bond Cth,MO0022ZZ-Christopher Bond Cth,MO,264334.85,85214.60,231575.85,581125.30,5,54,6750,65101-4055,65101
CA0092AA,Us Custom House,CA0092AA-Us Custom House,CA,270279.53,5512.94,301503.05,577295.52,2,100,120308,94111-2312,94111
NH0037ZZ,Norris Cotton Fb,NH0037ZZ-Norris Cotton Fb,NH,208377.41,143157.14,220568.34,572102.89,5,167,104022,03101-2411,03101
TX0316ZZ,Brownsville Fed Bldg,TX0316ZZ-Brownsville Fed Bldg,TX,233412.76,217347.96,120774.76,571535.48,4,193,173302,78520-7176,78520
TX0311ZZ,Laredo Federal Bldg/,TX0311ZZ-Laredo Federal Bldg/,TX,191393.56,149875.80,230103.78,571373.14,2,169,125578,78040-5016,78040
SC0058ZZ,J.L. Mcmillan Fb-Ct,SC0058ZZ-J.L. Mcmillan Fb-Ct,SC,240098.38,143258.88,187465.26,570822.52,3,90,99989,29501-3460,29501
WV0030ZZ,Federal Office Build,WV0030ZZ-Federal Office Build,WV,191777.87,153815.95,223872.18,569466.00,4,86,138154,26101-5352,26101
WY0030ZZ,Dick Cheney Fb,WY0030ZZ-Dick Cheney Fb,WY,256892.92,105835.45,205327.68,568056.05,5,135,120114,82601-1962,82601
SD0038ZZ,Fb,SD0038ZZ-Fb,SD,243259.04,86808.97,236878.97,566946.98,2,205,80926,57350-2431,57350
TX0272ZZ,Rc White Federal Bld,TX0272ZZ-Rc White Federal Bld,TX,175407.24,199030.93,189314.74,563752.91,4,150,167719,79901-7020,79901
AK0001ZZ,Anchorage Fed Build,AK0001ZZ-Anchorage Fed Build,AK,264456.68,130570.38,157768.79,552795.85,3,97,91360,99501-2248,99501
VA0063ZZ,Lewis F Powell Jr Us,VA0063ZZ-Lewis F Powell Jr Us,VA,175041.11,174266.76,195707.42,545015.29,5,10,175961,23219-3518,23219
MA0129ZZ,Philip J Philbin Fob,MA0129ZZ-Philip J Philbin Fob,MA,185919.23,193559.45,164986.42,544465.10,5,80,76613,01420-3007,01420
GA0118ZZ,Fb-Po-Ct,GA0118ZZ-Fb-Po-Ct,GA,242051.89,129577.31,170240.11,541869.31,2,40,91134,30161-3149,30161
IA0030ZZ,U S Courthouse,IA0030ZZ-U S Courthouse,IA,208315.75,87516.40,245592.86,541425.01,4,85,73142,50309-2035,50309
AR0078ZZ,Pine Bluff Fob/Uspo/,AR0078ZZ-Pine Bluff Fob/Uspo/,AR,158817.53,117829.00,261034.79,537681.32,5,30,101408,71601-5004,71601
RI0010ZZ,J O Pastore Fb Uspo,RI0010ZZ-J O Pastore Fb Uspo,RI,181398.09,149093.72,206389.41,536881.22,4,50,110060,02903-1737,02903
WA0118ZZ,Fda Bldg,WA0118ZZ-Fda Bldg,WA,182758.57,240779.53,103230.56,526768.66,1,64,57796,98021-4421,98021
NH0036ZZ,Thomas J Mcintyre Fb,NH0036ZZ-Thomas J Mcintyre Fb,NH,148131.66,218425.57,154043.89,520601.12,5,144,86056,00000-3801,00000
TX0075ZZ,Eldon B. Mahon Us Co,TX0075ZZ-Eldon B. Mahon Us Co,TX,181222.61,116457.13,221090.94,518770.68,3,95,119275,76102-6100,76102
OR0051ZZ,Eugene Federal Build,OR0051ZZ-Eugene Federal Build,OR,193891.38,117213.93,202455.06,513560.37,4,154,98511,97401-2773,97401
KY0013ZZ,Covington U.S. Crths,KY0013ZZ-Covington U.S. Crths,KY,194163.16,119005.99,190947.99,504117.14,3,45,100973,41011-0000,41011
NV0012ZZ,C. Clifton Young Fob,NV0012ZZ-C. Clifton Young Fob,NV,190409.38,76637.22,234113.46,501160.06,2,73,116849,89509-1317,89509
IL0154ZZ,Fed Bldg & Us Cthse,IL0154ZZ-Fed Bldg & Us Cthse,IL,182529.49,76073.07,235665.40,494267.96,5,92,108125,61602-1003,61602
FL0064AE,R L Timberlake Jr Fb,FL0064AE-R L Timberlake Jr Fb,FL,178289.26,156446.89,159530.11,494266.26,4,204,99076,33602-3917,33602
TX0101ZZ,Houston Customs Hous,TX0101ZZ-Houston Customs Hous,TX,205949.14,50167.74,237936.41,494053.29,3,91,136161,77002-3673,77002
ND0006ZZ,Fb-Ct,ND0006ZZ-Fb-Ct,ND,129046.10,262876.22,100944.10,492866.42,3,45,92610,58102-4932,58102
MS0079ZZ,United States Courth,MS0079ZZ-United States Courth,MS,146755.92,149591.28,192285.16,488632.36,4,76,68200,38655-3632,38655
MO0618AF,Federal Ctr Bg 110,MO0618AF-Federal Ctr Bg 110,MO,136794.49,121022.79,225707.44,483524.72,4,197,139938,63120-1703,63120
WA0059ZZ,Fed Arch & Rec Ctr,WA0059ZZ-Fed Arch & Rec Ctr,WA,145802.29,100706.50,236405.96,482914.75,2,30,183908,98115-7959,98115
IA0027ZZ,United States Courth,IA0027ZZ-United States Courth,IA,184522.32,64253.81,228327.40,477103.53,5,57,68391,52801-1516,52801
WA0811KA,Administration Bldg,WA0811KA-Administration Bldg,WA,268324.11,103683.09,103533.78,475540.98,3,370,100748,98001-6505,98001
SD0021ZZ,U.S. Courthouse,SD0021ZZ-U.S. Courthouse,SD,169391.23,79433.94,224480.97,473306.14,5,66,64413,00005-7104,00005
MI0118ZZ,Federal Bldg,MI0118ZZ-Federal Bldg,MI,159792.62,107568.24,203244.20,470605.06,2,75,71004,48104-2129,48104
FL0057ZZ,Golden-Collum Fb-Ct,FL0057ZZ-Golden-Collum Fb-Ct,FL,131037.11,126797.77,211444.98,469279.86,4,38,57374,34475-6603,34475
GA0138ZZ,"R.G. Stephens,Jr Fb","GA0138ZZ-R.G. Stephens,Jr Fb",GA,189713.61,105798.91,172892.78,468405.30,1,186,80088,30605-4743,30605
IN0031ZZ,E. Ross Adair Federa,IN0031ZZ-E. Ross Adair Federa,IN,213756.10,91234.99,162341.93,467333.02,4,77,100542,46802-3495,46802
NM0038ZZ,Gallup Federal Bldg,NM0038ZZ-Gallup Federal Bldg,NM,126759.04,127119.58,208934.85,462813.47,1,115,68763,87301-6348,87301
CO0046ZZ,Fb-Po,CO0046ZZ-Fb-Po,CO,160815.85,57370.94,243447.82,461634.61,4,60,76658,80521-2700,80521
KY0042ZZ,Po-Ct,KY0042ZZ-Po-Ct,KY,192467.12,125721.00,138114.17,456302.29,2,72,84161,40507-1313,40507
MN0036ZZ,Federal Building,MN0036ZZ-Federal Building,MN,176636.51,112479.89,167182.29,456298.69,4,25,143197,55401-2556,55401
OH0143ZZ,James M. Ashley And,OH0143ZZ-James M. Ashley And,OH,178900.07,115079.76,156615.63,450595.46,1,65,80844,43604-5363,43604
TX0220MD,G Mahon Post Office/,TX0220MD-G Mahon Post Office/,TX,166942.87,76659.80,206542.77,450145.44,4,70,91511,79701-5233,79701
IA0087ZZ,Fed Bldg & Us Cthse,IA0087ZZ-Fed Bldg & Us Cthse,IA,144567.45,82396.21,223139.94,450103.60,5,80,98610,51101-1210,51101
IN0096ZZ,Robert Grant Federal,IN0096ZZ-Robert Grant Federal,IN,174990.97,93998.77,177879.68,446869.42,2,94,90786,46601-2122,46601
SC0018ZZ,J. Bratton Davis Us,SC0018ZZ-J. Bratton Davis Us,SC,118929.30,124572.25,199229.26,442730.81,4,41,47427,29201-2423,29201
OK0041ZZ,Ed Edmondson U.S. Co,OK0041ZZ-Ed Edmondson U.S. Co,OK,134991.98,96220.85,201909.87,433122.70,4,63,121342,74401-6205,74401
GA0057ZZ,William Augustus Boo,GA0057ZZ-William Augustus Boo,GA,135778.78,131756.11,164102.06,431636.95,1,60,77311,31201-3385,31201
CA0505BB,Bs Main Bldg,CA0505BB-Bs Main Bldg,CA,45110.07,144880.96,235779.31,425770.34,5,50,90848,92231-2798,92231
CO0527AA,Dfc Bldg 50,CO0527AA-Dfc Bldg 50,CO,143680.42,83040.42,196795.17,423516.01,1,200,124043,80225-0546,80225
TX0069ZZ,El Paso Courthouse,TX0069ZZ-El Paso Courthouse,TX,121510.61,150658.59,146057.60,418226.80,4,115,107822,79901-2401,79901
SD0034ZZ,Fb-Po-Ct,SD0034ZZ-Fb-Po-Ct,SD,164694.46,60735.64,189951.62,415381.72,4,80,94624,57501-2478,57501
MS0082ZZ,T. G. Abernethy Fb,MS0082ZZ-T. G. Abernethy Fb,MS,110219.39,115482.95,186462.66,412165.00,3,30,58889,39730-2520,39730
MI0502BC,Fed Ctr Bldg No 1a,MI0502BC-Fed Ctr Bldg No 1a,MI,234731.98,59180.92,114720.20,408633.10,4,150,104189,49037-3001,49037
VT0018ZZ,Federal Bldg Uspo&Cu,VT0018ZZ-Federal Bldg Uspo&Cu,VT,117697.82,102817.92,185565.07,406080.81,3,55,61331,05478-2202,05478
LA0006BT,Baton Rouge Fed Bldg,LA0006BT-Baton Rouge Fed Bldg,LA,103944.48,98135.17,201951.04,404030.69,4,35,54419,70801-1713,70801
NC0005AE,Fb-Ct,NC0005AE-Fb-Ct,NC,161667.82,71999.89,168012.91,401680.62,4,130,93883,28801-2611,28801
NC0058ZZ,Fb-Po Cent.Station,NC0058ZZ-Fb-Po Cent.Station,NC,113964.36,70976.77,216210.36,401151.49,4,36,78375,27601-1799,27601
PA0588ZZ,Edward N Cahn Fb-Us,PA0588ZZ-Edward N Cahn Fb-Us,PA,170546.59,120787.61,109134.73,400468.93,4,76,76594,18101-1518,18101
GA0012ZZ,C.B. King Usct,GA0012ZZ-C.B. King Usct,GA,125357.99,110672.89,163105.98,399136.86,4,77,62045,31701-2566,31701
SD0035ZZ,Andrew W. Bogue Fb/C,SD0035ZZ-Andrew W. Bogue Fb/C,SD,134383.53,96317.95,167015.39,397716.87,5,85,67292,57701-2440,57701
NM0502ZZ,Albuquerque Courthou,NM0502ZZ-Albuquerque Courthou,NM,108528.30,97284.22,189068.73,394881.25,5,56,65077,87102-3254,87102
TX0701HO,Labranch Federal Bld,TX0701HO-Labranch Federal Bld,TX,112914.72,87758.48,192887.88,393561.08,2,106,75673,77004-1002,77004
SC0028ZZ,C.F.Haynsworth Fbct,SC0028ZZ-C.F.Haynsworth Fbct,SC,153275.84,100463.15,138281.45,392020.44,5,34,64699,29601-2800,29601
AR0021ZZ,Ic Parker Courthouse,AR0021ZZ-Ic Parker Courthouse,AR,130730.19,72990.50,186471.49,390192.18,4,66,85784,72901-2435,72901
FL0039ZZ,Winston E. Arnow Us,FL0039ZZ-Winston E. Arnow Us,FL,134378.28,121796.32,133858.58,390033.18,4,18,59872,32502-4839,32502
NY0218ZZ,Alexander Pirnie Fb,NY0218ZZ-Alexander Pirnie Fb,NY,154294.96,83795.36,150992.47,389082.79,2,85,87767,13501-0000,13501
WI0350ZZ,R.W. Kastenmeier Us,WI0350ZZ-R.W. Kastenmeier Us,WI,161363.37,100313.56,123070.33,384747.26,3,76,68498,53703-2559,53703
MT0004ZZ,Mike Mansfield Fb /,MT0004ZZ-Mike Mansfield Fb /,MT,116947.81,55967.59,209961.01,382876.41,2,20,73336,59701-8866,59701
NY0016ZZ,Fed Bldg & Cthse-Bin,NY0016ZZ-Fed Bldg & Cthse-Bin,NY,150135.45,91119.23,138806.51,380061.19,5,75,75074,13901-2723,13901
PA0235ZZ,Herman T. Schneebeli,PA0235ZZ-Herman T. Schneebeli,PA,145614.78,129577.56,102837.34,378029.68,4,56,74775,17701-6438,17701
MI0601DI,Rosa Parks Federal B,MI0601DI-Rosa Parks Federal B,MI,89888.89,62313.79,222976.22,375178.90,4,80,40473,48207-4385,48207
WA0045ZZ,Fed Bldg U S Post Of,WA0045ZZ-Fed Bldg U S Post Of,WA,195024.77,62925.01,112257.47,370207.25,4,121,107921,99201-1011,99201
TN0096ZZ,Fb-Po-Ct,TN0096ZZ-Fb-Po-Ct,TN,120213.06,26308.37,221821.15,368342.58,4,20,37112,37398-1763,37398
AZ0015ZZ,James A. Walsh Court,AZ0015ZZ-James A. Walsh Court,AZ,130399.20,78229.93,158803.11,367432.24,3,22,69045,85701-1704,85701
WA0082ZZ,Fed Bldg And Uspo,WA0082ZZ-Fed Bldg And Uspo,WA,195962.87,38470.33,132300.36,366733.56,3,50,79085,98801-2966,98801
NV0014ZZ,Federal Building,NV0014ZZ-Federal Building,NV,152505.58,45632.59,165614.11,363752.28,4,92,47249,89701-4014,89701
CO0576AA,Dfc Bldg 85,CO0576AA-Dfc Bldg 85,CO,146991.05,68059.10,146456.15,361506.30,2,300,85672,80225-0546,80225
NE0056ZZ,Federal Bg Uspo Cths,NE0056ZZ-Federal Bg Uspo Cths,NE,164461.77,52262.64,142269.42,358993.83,4,49,71507,69101-4000,69101
VT0026ZZ,Federal Bldg Uspo&Ct,VT0026ZZ-Federal Bldg Uspo&Ct,VT,95990.70,153117.70,108857.76,357966.16,4,77,65271,05602-2956,05602
FL0019ZZ,Sidney M. Aronovitz,FL0019ZZ-Sidney M. Aronovitz,FL,69850.22,111689.02,167369.28,348908.52,2,38,52248,33040-6890,33040
ND0047ZZ,Quentin N. Burdick C,ND0047ZZ-Quentin N. Burdick C,ND,151186.81,55241.36,142113.97,348542.14,4,30,95576,58102-4932,58102
TN0029ZZ,Ed Jones Fb-Ct,TN0029ZZ-Ed Jones Fb-Ct,TN,116081.52,74793.43,156302.10,347177.05,2,48,59500,38301-6123,38301
LA0070ZZ,Ellender Fed Bldg/Po,LA0070ZZ-Ellender Fed Bldg/Po,LA,133361.57,35364.13,176063.36,344789.06,2,75,62551,70360-4802,70360
NJ0015ZZ,U.S. Post Office & C,NJ0015ZZ-U.S. Post Office & C,NJ,209338.47,17797.05,117380.24,344515.76,5,78,87861,08102-1568,08102
OR0024ZZ,The Pioneer Cthse,OR0024ZZ-The Pioneer Cthse,OR,124019.56,54021.15,166244.24,344284.95,3,20,43333,97204-1336,97204
MN0076ZZ,Federal Building,MN0076ZZ-Federal Building,MN,122267.16,75025.72,144840.16,342133.04,5,85,41846,56601-3062,56601
MI0048ZZ,Federal Bldg,MI0048ZZ-Federal Bldg,MI,128852.71,103806.97,104098.91,336758.59,4,50,62777,48502-1200,48502
CA0902OO,Gsa Bldg 2,CA0902OO-Gsa Bldg 2,CA,90962.40,101567.85,143042.92,335573.17,2,30,44117,94025-3561,94025
SC0012AC,Po-Ct,SC0012AC-Po-Ct,SC,106293.18,160603.00,68073.18,334969.36,3,25,42025,29401-2202,29401
HI0001ZZ,Federal Building & U,HI0001ZZ-Federal Building & U,HI,107569.29,56010.07,167330.77,330910.13,4,30,35134,96720-2452,96720
MS0072ZZ,Wm M. Colmer Fb-Ct,MS0072ZZ-Wm M. Colmer Fb-Ct,MS,90444.93,106298.98,130902.26,327646.17,4,51,59363,39401-3446,39401
NC0085ZZ,Alton Lennon Fb-Ct,NC0085ZZ-Alton Lennon Fb-Ct,NC,119526.03,84243.52,122609.55,326379.10,4,53,56972,28401-3958,28401
AR0062ZZ,Hot Springs Post Off,AR0062ZZ-Hot Springs Post Off,AR,104026.96,57188.36,160740.69,321956.01,1,66,62383,71901-4141,71901
VA0062ZZ,Lewis F Powell Jr Us,VA0062ZZ-Lewis F Powell Jr Us,VA,128543.25,79356.59,112848.14,320747.98,2,80,92570,23219-3538,23219
KY0089ZZ,Carl D Perkins Fbct,KY0089ZZ-Carl D Perkins Fbct,KY,161283.97,76838.68,81541.40,319664.05,4,75,57852,41101-7542,41101
MI0097ZZ,Federal Bldg & Us Co,MI0097ZZ-Federal Bldg & Us Co,MI,101004.06,29636.18,186593.55,317233.79,4,25,43501,48060-5439,48060
SC0041ZZ,Donald Stuart Russel,SC0041ZZ-Donald Stuart Russel,SC,101766.86,71994.22,141037.91,314798.99,3,17,49568,29306-2355,29306
IL0302ZZ,U.S. Courthouse,IL0302ZZ-U.S. Courthouse,IL,151159.93,65087.43,97455.10,313702.46,4,50,46135,61802-3369,61802
AR0057ZZ,Texarkana Uspo/Court,AR0057ZZ-Texarkana Uspo/Court,AR,102404.58,71407.12,139126.33,312938.03,4,70,86190,71854-5957,71854
MO0602AF,Federal Ctr Bg 107,MO0602AF-Federal Ctr Bg 107,MO,38898.58,23816.52,244225.61,306940.71,4,20,28193,63120-1703,63120
TX0262TY,Tyler Federal Bldg/C,TX0262TY-Tyler Federal Bldg/C,TX,89077.17,63476.51,154295.22,306848.90,1,65,48156,75702-7212,75702
TX0006ZZ,Jm Jones Federal Bld,TX0006ZZ-Jm Jones Federal Bld,TX,94853.01,82380.56,129546.43,306780.00,5,42,62619,79101-1559,79101
AK0005AK,Federal,AK0005AK-Federal,AK,96703.28,76128.25,131215.33,304046.86,3,70,36611,99901-6534,99901
GA0044ZZ,Fb-Ct,GA0044ZZ-Fb-Ct,GA,118390.06,76351.53,108916.32,303657.91,4,50,48113,30501-3646,30501
IL0301ES,Melvin Price Fed. Bl,IL0301ES-Melvin Price Fed. Bl,IL,149776.71,51176.67,98853.67,299807.05,5,60,63188,62201-2954,62201
AR0079ZZ,Batesville Fob/Uspo/,AR0079ZZ-Batesville Fob/Uspo/,AR,76080.00,66447.82,156218.62,298746.44,2,25,47899,72501-5627,72501
FL0049ZZ,U. S. Courthouse,FL0049ZZ-U. S. Courthouse,FL,94769.53,140968.73,59050.18,294788.44,4,30,40296,32301-7750,32301
AR0066ZZ,Helena Post Office/C,AR0066ZZ-Helena Post Office/C,AR,57557.64,48983.32,184876.45,291417.41,3,22,34293,72342-3258,72342
CA0149ZZ,Federal Building,CA0149ZZ-Federal Building,CA,153113.31,49468.83,87195.60,289777.74,5,50,45771,90017-1204,90017
KY0088ZZ,J. C. Watts Fb,KY0088ZZ-J. C. Watts Fb,KY,84655.29,66027.97,125226.02,275909.28,4,65,54642,40601-1981,40601
GA0103ZZ,Frank M Scarlett Fb,GA0103ZZ-Frank M Scarlett Fb,GA,102918.98,61443.94,111023.93,275386.85,5,40,57632,31520-7073,31520
WV1251ZZ,Jennings Randolph Fe,WV1251ZZ-Jennings Randolph Fe,WV,116717.78,76070.56,82433.12,275221.46,4,45,53416,26241-3898,26241
AL0034ZZ,Po-Ct,AL0034ZZ-Po-Ct,AL,90720.78,71189.05,111702.31,273612.14,2,40,37248,35801-4869,35801
IL0069ES,Melvin Price Federal,IL0069ES-Melvin Price Federal,IL,133718.70,53347.58,86364.54,273430.82,5,35,56132,62201-2954,62201
WV0047ZZ,Fb & Us Courthouse,WV0047ZZ-Fb & Us Courthouse,WV,113662.42,65958.70,93323.96,272945.08,5,31,64824,26003-2976,26003
AZ0554BB,Bs Hd Hse Bldg 2,AZ0554BB-Bs Hd Hse Bldg 2,AZ,91947.61,71831.83,108233.83,272013.27,1,89,44757,85621-3205,85621
KY0059ZZ,Fb-Ct,KY0059ZZ-Fb-Ct,KY,81729.76,78247.79,111905.84,271883.39,5,25,48028,42001-6856,42001
WV0016FP,Sidney L Christie Fb,WV0016FP-Sidney L Christie Fb,WV,109494.72,2849.87,158992.81,271337.40,4,62,84000,25701-2014,25701
NM0015SN,Campos Federal Court,NM0015SN-Campos Federal Court,NM,76412.63,82192.92,107889.33,266494.88,4,27,42056,87501-1902,87501
WV0053ZZ,U.S. Courthouse,WV0053ZZ-U.S. Courthouse,WV,92639.80,71202.15,98886.91,262728.86,4,55,64462,25401-3286,25401
NM0042ZZ,Runnels Federal Bldg,NM0042ZZ-Runnels Federal Bldg,NM,80157.22,82718.22,97030.69,259906.13,4,48,57547,88001-3523,88001
OH0302ZZ,Nathaniel R Jones Fb,OH0302ZZ-Nathaniel R Jones Fb,OH,124507.70,64275.62,70757.85,259541.17,4,49,44476,44503-1677,44503
PA0600ZZ,New Construction Ann,PA0600ZZ-New Construction Ann,PA,81674.01,79144.49,97139.12,257957.62,4,13,53450,16501-0000,16501
MA0158ZZ,Hastings Keith Fb,MA0158ZZ-Hastings Keith Fb,MA,73129.58,107317.31,74005.65,254452.54,4,35,32428,02740-6110,02740
TX0182TY,Tyler Post Office/Co,TX0182TY-Tyler Post Office/Co,TX,86176.76,50647.73,116757.76,253582.25,5,12,46431,75702-7200,75702
MA0180ZZ,Silvio O. Conte Fb,MA0180ZZ-Silvio O. Conte Fb,MA,78984.55,58678.59,115818.04,253481.18,3,30,26873,00000-1201,00000
SC0011ZZ,U.S. Customhouse,SC0011ZZ-U.S. Customhouse,SC,107746.83,91775.06,53734.07,253255.96,2,45,36229,29401-2611,29401
MI0539BC,Child Care Facility,MI0539BC-Child Care Facility,MI,163023.01,36800.06,45891.40,245714.47,4,32,16795,49037-3002,49037
WA0824KF,Warehouse 1,WA0824KF-Warehouse 1,WA,22037.11,146901.79,76512.85,245451.75,5,100,170932,98001-7421,98001
WA0053ZZ,Wm O Douglas Fbusct,WA0053ZZ-Wm O Douglas Fbusct,WA,117429.56,48479.32,79093.15,245002.03,4,30,52984,98901-2715,98901
NM0035ZZ,Roswell Federal Buil,NM0035ZZ-Roswell Federal Buil,NM,87583.01,53911.65,102588.60,244083.26,4,42,56173,88201-4748,88201
CO0018ZZ,Wayne Aspinall Fbct,CO0018ZZ-Wayne Aspinall Fbct,CO,75218.01,23157.15,142408.74,240783.90,4,40,36907,81501-2550,81501
WV0050ZZ,Fb & Garage,WV0050ZZ-Fb & Garage,WV,77482.43,48738.62,110959.50,237180.55,2,75,40132,25880-1006,25880
DC1415NA,Office Building,DC1415NA-Office Building,DC,9665.57,177898.96,35139.21,222703.74,2,800,12837,20016-2705,20016
IN0057ZZ,Charles A Halleck Fe,IN0057ZZ-Charles A Halleck Fe,IN,76631.50,48459.65,97471.60,222562.75,4,11,45197,47901-1339,47901
VA0686ZZ,U. S. Courthouse,VA0686ZZ-U. S. Courthouse,VA,119847.44,66196.37,36477.64,222521.45,4,17,51959,22801-3819,22801
ND0014ZZ,Judge Bruce M. Van S,ND0014ZZ-Judge Bruce M. Van S,ND,56968.10,47645.83,114883.63,219497.56,4,25,39256,58701-3846,58701
WY0003ZZ,Ewing T. Kerr Fb-Ct,WY0003ZZ-Ewing T. Kerr Fb-Ct,WY,104758.84,46054.90,66830.55,217644.29,5,35,57605,82601-2534,82601
AZ0555BB,Bs Bldg 1,AZ0555BB-Bs Bldg 1,AZ,71385.37,55677.75,83993.75,211056.87,1,30,34483,85621-3205,85621
OR0045ZZ,David J. Wheeler Fb,OR0045ZZ-David J. Wheeler Fb,OR,102539.72,30267.88,75353.79,208161.39,5,46,44694,97814-3840,97814
MN0084ZZ,Social Security Adm,MN0084ZZ-Social Security Adm,MN,98567.03,52020.05,55604.90,206191.98,5,60,22035,55404-1938,55404
UT0010ZZ,Forest Service Bldg,UT0010ZZ-Forest Service Bldg,UT,82615.73,52285.70,69076.30,203977.73,2,25,46680,84401-2450,84401
ND0008ZZ,Ronald N. Davies Fed,ND0008ZZ-Ronald N. Davies Fed,ND,43395.26,62340.64,97686.67,203422.57,4,20,40173,58203-3738,58203
LA0029ZZ,Monroe Federal Bldg/,LA0029ZZ-Monroe Federal Bldg/,LA,60221.91,44765.82,97584.44,202572.17,3,25,40939,71201-7472,71201
OH0215ZZ,Thomas D Lambros Fob,OH0215ZZ-Thomas D Lambros Fob,OH,87794.57,56677.81,53747.65,198220.03,4,37,33290,44503-1780,44503
CA0773KK,Fed Cntr Bldg 2d,CA0773KK-Fed Cntr Bldg 2d,CA,67864.15,41924.97,85652.62,195441.74,4,10,22654,94501-7815,94501
GA0036ZZ,J. Roy Rowland Fed.,GA0036ZZ-J. Roy Rowland Fed.,GA,57859.01,55653.57,79752.43,193265.01,4,9,23891,31021-6799,31021
TX0163ZZ,Oc Fisher Fed Bldg/C,TX0163ZZ-Oc Fisher Fed Bldg/C,TX,55243.30,40680.56,91720.71,187644.57,4,12,33463,76903-6488,76903
PA0064ZZ,Fb & Courthouse,PA0064ZZ-Fb & Courthouse,PA,76697.54,62049.27,45753.21,184500.02,2,23,50036,16501-1127,16501
WY0004ZZ,Fob,WY0004ZZ-Fob,WY,71876.69,46385.73,64422.40,182684.82,4,55,29919,82001-3663,82001
NC0095ZZ,J. J. Hayes Fb,NC0095ZZ-J. J. Hayes Fb,NC,65950.90,32128.50,84303.37,182382.77,4,19,36524,28697-2465,28697
SC0076AC,Hollings Jud Ctr,SC0076AC-Hollings Jud Ctr,SC,102748.00,11777.60,66921.68,181447.28,3,10,25055,29401-2256,29401
ND0002ZZ,Fb,ND0002ZZ-Fb,ND,70948.27,41850.06,62995.92,175794.25,4,66,37637,58501-4082,58501
SC0004ZZ,G. Ross Anderson Jr.,SC0004ZZ-G. Ross Anderson Jr.,SC,75002.78,22741.63,73483.53,171227.94,3,7,28566,29624-1606,29624
WV0003ZZ,Elizabeth Kee Federa,WV0003ZZ-Elizabeth Kee Federa,WV,77209.46,49149.51,39880.12,166239.09,2,24,37619,24701-3066,24701
IL0220ZZ,Federal Building,IL0220ZZ-Federal Building,IL,72956.66,39744.93,49387.49,162089.08,3,55,32155,62201-2955,62201
AL0004ZZ,Fb-Ct,AL0004ZZ-Fb-Ct,AL,42897.67,35333.98,82229.67,160461.32,3,14,19397,36201-4665,36201
VA0053ZZ,Owen B Pickett Us Cu,VA0053ZZ-Owen B Pickett Us Cu,VA,78261.15,50536.84,29171.46,157969.45,3,47,18622,23510-1605,23510
MI0506BC,Bldg No 2-C Fed Cntr,MI0506BC-Bldg No 2-C Fed Cntr,MI,82517.24,20868.10,43781.47,147166.81,4,105,36303,49037-3085,49037
IL0200ZZ,Fed Bldg-Po-Us Cthse,IL0200ZZ-Fed Bldg-Po-Us Cthse,IL,66664.01,27769.84,51146.95,145580.80,4,30,30185,62812-1362,62812
NC0092ZZ,Fb-Po-Ct,NC0092ZZ-Fb-Po-Ct,NC,41162.02,41392.86,62159.05,144713.93,3,15,31420,28713-8093,28713
CA0185ZZ,Social Security Bldg,CA0185ZZ-Social Security Bldg,CA,74385.23,31491.49,38726.51,144603.23,5,35,12811,91106-1711,91106
IL0206ZZ,William L. Beatty Fb,IL0206ZZ-William L. Beatty Fb,IL,69463.93,26941.73,44510.65,140916.31,3,46,29670,62002-6169,62002
MI0504BC,Fed Ctr Bldg No 2a,MI0504BC-Fed Ctr Bldg No 2a,MI,80375.73,20326.45,38927.64,139629.82,5,197,35358,49037-3085,49037
PA0644ZZ,Erie Library,PA0644ZZ-Erie Library,PA,42623.30,40248.76,54321.22,137193.28,2,19,28892,16501-0000,16501
ME0035ZZ,Us Custom House,ME0035ZZ-Us Custom House,ME,36085.44,39728.32,60767.24,136581.00,4,7,19009,04101-4110,04101
MI0538BC,Bldg 1b Federal Ctr,MI0538BC-Bldg 1b Federal Ctr,MI,73273.14,18530.24,39712.77,131516.15,4,6,32463,49037-3001,49037
UT0014ZZ,J. Will Robinson Fb,UT0014ZZ-J. Will Robinson Fb,UT,30851.69,27337.94,71592.40,129782.03,5,13,28973,84601-4452,84601
CO0625AA,Dfc Bldg 15,CO0625AA-Dfc Bldg 15,CO,25867.54,49235.95,54123.20,129226.69,4,14,27749,80225-0546,80225
WA0094ZZ,Vancouver Federal Bl,WA0094ZZ-Vancouver Federal Bl,WA,53481.15,21223.57,53986.57,128691.29,5,48,20508,98660-2871,98660
WA0028ZZ,Richard B. Anderson,WA0028ZZ-Richard B. Anderson,WA,62136.80,25961.02,39981.96,128079.78,4,7,19194,98362-2600,98362
OK0039ZZ,C Albert Fed Bldg/Co,OK0039ZZ-C Albert Fed Bldg/Co,OK,39163.03,26808.99,58996.05,124968.07,5,4,22073,74501-5051,74501
WV0010ZZ,Forest Service Build,WV0010ZZ-Forest Service Build,WV,62163.93,29511.89,28948.31,120624.13,4,72,30604,26241-3932,26241
CO0631AA,Dfc Bldg 710,CO0631AA-Dfc Bldg 710,CO,39824.66,35511.39,43755.70,119091.75,3,60,33805,80225-0546,80225
KY0043AB,Fb-Ct,KY0043AB-Fb-Ct,KY,53549.53,10689.88,51485.31,115724.72,4,3,16380,40741-1924,40741
CO0654AA,Building 710a,CO0654AA-Building 710a,CO,42214.00,14149.85,54730.90,111094.75,4,55,54000,80225-0546,80225
AK0514ZZ,Fed Bldg Us Po,AK0514ZZ-Fed Bldg Us Po,AK,25829.60,17434.69,66742.80,110007.09,3,25,10703,99833-0001,99833
NE0018ZZ,Federal Bg,NE0018ZZ-Federal Bg,NE,41660.06,12279.46,54600.97,108540.49,5,20,27375,68801-5979,68801
WA0821KF,Warehouse 5,WA0821KF-Warehouse 5,WA,12916.48,44374.50,47737.08,105028.06,4,12,172341,98001-7424,98001
IL0222ZZ,Federal Building,IL0222ZZ-Federal Building,IL,59973.25,16527.49,26748.44,103249.18,4,20,18296,62864-4127,62864
CA0914OO,Rock Proc Lab,CA0914OO-Rock Proc Lab,CA,26838.27,36500.34,37989.22,101327.83,1,5,11457,94025-3561,94025
VT0028ZZ,Winston Prouty Fb,VT0028ZZ-Winston Prouty Fb,VT,35640.77,26677.90,37109.74,99428.41,4,28,10859,05452-3685,05452
CO0626AA,Dfc Bldg 16,CO0626AA-Dfc Bldg 16,CO,36211.71,14137.72,48349.84,98699.27,5,52,33625,80225-0000,80225
GA0081AC,"Juliette Gordon Low,","GA0081AC-Juliette Gordon Low,",GA,50705.74,1586.53,32658.39,84950.66,4,12,17142,31401-3642,31401
TX0973YS,Usbs Ysleta Bldg B -,TX0973YS-Usbs Ysleta Bldg B -,TX,40379.13,15461.99,28580.25,84421.37,5,8,8946,79907-6656,79907
OK0074ZZ,Lawton Federal Bldg/,OK0074ZZ-Lawton Federal Bldg/,OK,11749.93,36015.68,30873.84,78639.45,1,25,24439,73501-4628,73501
MI0505BC,Bldg 2b Federal Cts.,MI0505BC-Bldg 2b Federal Cts.,MI,44675.08,10631.81,21664.85,76971.74,5,1,19834,49037-3085,49037
CA0765KK,Federal Cntr Bldg 2c,CA0765KK-Federal Cntr Bldg 2c,CA,27661.22,14977.89,32580.43,75219.54,5,12,8439,94501-7815,94501
CA0763KK,Federal Cntr Bldg 2b,CA0763KK-Federal Cntr Bldg 2b,CA,27571.15,14710.76,30054.12,72336.03,1,10,8376,94501-7815,94501
ND0032ZZ,Bdr Patrol Sector Hq,ND0032ZZ-Bdr Patrol Sector Hq,ND,33192.40,7449.75,30989.77,71631.92,4,5,11105,58201-6348,58201
LA0811NE,Bpsh New Orleans Bld,LA0811NE-Bpsh New Orleans Bld,LA,17901.22,33389.60,19702.08,70992.90,3,5,4206,70114-1806,70114
OH0100ZZ,Donald J. Pease Fede,OH0100ZZ-Donald J. Pease Fede,OH,24815.02,14394.15,29739.38,68948.55,5,5,5934,44256-2215,44256
ID0027ZZ,Social Security,ID0027ZZ-Social Security,ID,25430.89,13815.99,21177.32,60424.20,3,16,7773,83501-4004,83501
MO0613AF,Fed Ctr Bg 105e,MO0613AF-Fed Ctr Bg 105e,MO,26865.11,9240.63,21067.24,57172.98,4,19,18411,63120-1703,63120
AZ0632FF,Brdr Patl Sect Hq Ga,AZ0632FF-Brdr Patl Sect Hq Ga,AZ,26512.35,15720.10,13848.54,56080.99,4,4,6057,85713-6033,85713
MO0547AD,"Fed Bldg, No.6","MO0547AD-Fed Bldg, No.6",MO,25585.50,13794.68,11433.30,50813.48,5,50,17902,64131-3009,64131
MO0614AF,Fed Ctr Bg 105f,MO0614AF-Fed Ctr Bg 105f,MO,21472.86,8460.46,20130.09,50063.41,3,41,17230,63120-1703,63120
MO0610AF,Fed Ctr Bg 104e,MO0610AF-Fed Ctr Bg 104e,MO,26716.48,1323.52,21556.52,49596.52,4,28,17650,63120-1703,63120
DC0120AA,Jackson Pl Complex,DC0120AA-Jackson Pl Complex,DC,22857.54,4034.42,22133.14,49025.10,4,5,475,20006-4921,20006
MO0605AF,Fed Ctr Bg 102e,MO0605AF-Fed Ctr Bg 102e,MO,20359.68,9597.45,17745.38,47702.51,2,4,13749,63120-1703,63120
MO0611AF,Fed Ctr Bg 104f,MO0611AF-Fed Ctr Bg 104f,MO,19417.73,8122.82,18969.86,46510.41,4,50,16185,63120-1703,63120
MI0724SB,Land Port Of Entry,MI0724SB-Land Port Of Entry,MI,17599.69,1267.90,23583.20,42450.79,2,92,49616,49783-0000,49783
AK0032AA,Fed Bld-Usch-Annex,AK0032AA-Fed Bld-Usch-Annex,AK,32249.93,6191.00,2705.75,41146.68,2,150,64822,99513-7502,99513
CO0518AA,Dfc Bldg 44,CO0518AA-Dfc Bldg 44,CO,10340.84,13437.73,12925.54,36704.11,3,15,9382,80225-0546,80225
MO0607AF,Fed Ctr Bg 103d,MO0607AF-Fed Ctr Bg 103d,MO,7201.63,6932.75,19323.91,33458.29,2,3,13814,63120-1703,63120
MO0532AD,Fed Bldg No 4,MO0532AD-Fed Bldg No 4,MO,16864.79,8495.34,6633.57,31993.70,5,52,11026,64131-3009,64131
DC0126AA,Jackson Pl Complex,DC0126AA-Jackson Pl Complex,DC,12947.40,1106.80,11438.72,25492.92,5,8,390,20006-4911,20006
CA0299JJ,Bs Warehouse Bldg,CA0299JJ-Bs Warehouse Bldg,CA,8620.32,3108.80,10678.62,22407.74,3,3,2173,92154-7209,92154
MO0546AD,Federal Building 52,MO0546AD-Federal Building 52,MO,7697.12,7974.21,5839.26,21510.59,3,1,10348,64131-3009,64131
