Building_Number,Building_Name,Building,State,A10_Cleaning,A30_Utilities_Fuel,A40_Mechanic_Oper_Maint,Grand_Total,Overall_Satisfaction,Occupancy,Building_Sq_FtNY0282ZZ,Jacob K. Javits Fb/C,NY0282ZZ-Jacob K. Javits Fb/C,NY,6175914,8863042,7432842,22471797,4,5500,2420272DC0459AF,Reagan Bldg Fob,DC0459AF-Reagan Bldg Fob,DC,3784131,5963968,5445658,15193757,3,700,2035880DC0035ZZ,Dwight D. Eisenhower,DC0035ZZ-Dwight D. Eisenhower,DC,5048002,2302708,4121235,11471945,5,1000,54193MD0778AG,Census Bureau Office,MD0778AG-Census Bureau Office,MD,3626616,2439613,3444039,9510268,5,2000,72808NY0128ZZ,Federal Bldg--201 Va,NY0128ZZ-Federal Bldg--201 Va,NY,2701317,2474059,3691266,8866642,1,1278,921306NY0350ZZ,Ted Weiss Federal Bu,NY0350ZZ-Ted Weiss Federal Bu,NY,2583169,3171709,3060550,8815427,2,1200,769122DC0105ZZ,New Executive Office,DC0105ZZ-New Executive Office,DC,1911076,2800400,4018284,8729760,3,1000,34669NY0351ZZ,Daniel P Moynihan Us,NY0351ZZ-Daniel P Moynihan Us,NY,2919851,2239978,3375846,8535676,4,550,754428CA0154ZZ,"Phillip Burton,Fb Ct","CA0154ZZ-Phillip Burton,Fb Ct",CA,3337912,1393942,3777803,8509658,3,1334,1244602NY0355ZZ,Alfonse M. D'Amato U,NY0355ZZ-Alfonse M. D'Amato U,NY,1875656,2674922,3135673,7686251,5,290,655527DC0028ZZ,William Jefferson Cl,DC0028ZZ-William Jefferson Cl,DC,2395031,2538974,2395162,7329168,3,1847,73543DC0021ZZ,Gsa,DC0021ZZ-Gsa,DC,2703651,1698428,2892512,7294592,1,3101,70433IL0205ZZ,Everett M. Dirksen,IL0205ZZ-Everett M. Dirksen,IL,2386175,2049471,2727314,7162960,4,1200,1207187OH0192ZZ,A J Celebrezze Fb,OH0192ZZ-A J Celebrezze Fb,OH,1974114,3898536,1278791,7151440,2,3500,1199328MD0278ZZ,New Carrollton Fed,MD0278ZZ-New Carrollton Fed,MD,2287438,2520262,1806509,6614209,4,4376,109768HI0011ZZ,Prince J. Kuhio Fob,HI0011ZZ-Prince J. Kuhio Fob,HI,1677672,3317343,1402425,6397440,3,1075,696210MO0127ZZ,Richard Bolling Fb,MO0127ZZ-Richard Bolling Fb,MO,1871148,2446662,2052259,6370069,3,1650,1061293IL0236FC,John C. Kluczynski F,IL0236FC-John C. Kluczynski F,IL,2064222,1753827,2423232,6241281,4,2000,1135757MI0131MC,P V Mcnamara F B,MI0131MC-P V Mcnamara F B,MI,1687672,2834172,1445202,5967046,4,996,944513MA0131ZZ,Jfk Federal Building,MA0131ZZ-Jfk Federal Building,MA,1511671,2594254,1814740,5920665,4,1939,839232DC0083ZZ,Orville Wright,DC0083ZZ-Orville Wright,DC,2496991,1457168,1959198,5913357,3,4300,84738DC0034ZZ,Wilbur J Cohen Bldg,DC0034ZZ-Wilbur J Cohen Bldg,DC,2090665,1355751,2331169,5777586,2,1700,104914MA0050ZZ,John J. Moakley Cour,MA0050ZZ-John J. Moakley Cour,MA,1529969,2269102,1926631,5725702,4,600,719126CA0281ZZ,Ronald Dellums Fed B,CA0281ZZ-Ronald Dellums Fed B,CA,2205318,1159248,2276448,5641014,4,900,900803IN1703ZZ,Major General Emmett,IN1703ZZ-Major General Emmett,IN,3241698,988039,1073242,5302980,3,3000,1579337DC0007ZZ,Veterans Admin,DC0007ZZ-Veterans Admin,DC,1770883,665764,2397486,4834134,3,2000,62522GA0121ZZ,Richard B. Russell,GA0121ZZ-Richard B. Russell,GA,1318826,1542986,1684281,4546093,2,700,1037222CA0150CC,Federal Building,CA0150CC-Federal Building,CA,1057965,1394658,2054145,4506768,4,1200,1052518PR0017ZZ,Degetau Fb & Ruiz-Na,PR0017ZZ-Degetau Fb & Ruiz-Na,PR,988151,2441817,844473,4274441,5,50,371743MO0095ZZ,Thomas F. Eagleton C,MO0095ZZ-Thomas F. Eagleton C,MO,1058580,1575554,1539752,4173886,5,650,954644CA0167ZZ,Edward J. Schwartz F,CA0167ZZ-Edward J. Schwartz F,CA,1022908,1753976,1334559,4111443,2,750,625715DC0505ZZ,Us Secret Serv Hdqtr,DC0505ZZ-Us Secret Serv Hdqtr,DC,1788471,408857,1902659,4099987,3,1200,39982MO0106ZZ,Robt A Young Fed Bld,MO0106ZZ-Robt A Young Fed Bld,MO,1892261,944710,1199765,4036735,5,2850,1004787NY0399ZZ,Theodore Roosevelt U,NY0399ZZ-Theodore Roosevelt U,NY,1337959,1669199,1026596,4033754,4,318,484495NY0234ZZ,Conrad B Duberstein,NY0234ZZ-Conrad B Duberstein,NY,1299088,1283018,1448669,4030775,4,635,497749CA0041ZZ,Us Court House,CA0041ZZ-Us Court House,CA,1464194,797049,1739681,4000924,5,500,758388NJ0108ZZ,Peter W. Rodino Fb,NJ0108ZZ-Peter W. Rodino Fb,NJ,622617,411509,2965711,3999837,4,372,444825DC0566ZZ,Atf National Headqua,DC0566ZZ-Atf National Headqua,DC,903852,1227954,1847699,3979505,3,850,30165DC0010ZZ,Lyndon B. Johnson Fe,DC0010ZZ-Lyndon B. Johnson Fe,DC,1219037,1024109,1681425,3924571,3,1150,55080DC0084ZZ,Wilbur Wright,DC0084ZZ-Wilbur Wright,DC,1043739,1861402,1015184,3920324,3,800,33821GA0087AD,Peachtree Summit Fb,GA0087AD-Peachtree Summit Fb,GA,1188839,1455358,1228750,3872947,4,500,803866MD0055ZZ,G H Fallon Fed Bldg,MD0055ZZ-G H Fallon Fed Bldg,MD,1269457,1490385,1074688,3834530,4,925,584284CA0305ZZ,San Francisco Federa,CA0305ZZ-San Francisco Federa,CA,1307830,1002457,1446931,3757218,2,900,523208DC0521AB,Epa East,DC0521AB-Epa East,DC,840184,1897571,802624,3540379,4,800,43667MD0056AG,Wash Nat Records Ct,MD0056AG-Wash Nat Records Ct,MD,597472,1512295,1394387,3504155,4,115,79813WA0101ZZ,Jackson Fb,WA0101ZZ-Jackson Fb,WA,1380173,1007130,1114182,3501485,3,1856,710279IL0303ZZ,Metcalfe Building,IL0303ZZ-Metcalfe Building,IL,1321155,781272,1390170,3492597,4,1200,711662PA0277BG,Wm J Green Jr Fb,PA0277BG-Wm J Green Jr Fb,PA,1285747,1277097,927313,3490158,4,1000,713506CA0283CC,Edward R Roybal Fb &,CA0283CC-Edward R Roybal Fb &,CA,1037994,948218,1465286,3451498,5,650,749854MA0013ZZ,John W. Mccormack Bu,MA0013ZZ-John W. Mccormack Bu,MA,914322,1199818,1319456,3433596,2,550,556865AK0031AA,Us Federal Building,AK0031AA-Us Federal Building,AK,1127267,1124849,1140799,3392915,3,804,456155MI0029ZZ,Theodore Levin Us Co,MI0029ZZ-Theodore Levin Us Co,MI,1047281,1096273,1120163,3263716,5,315,603999DC0522AB,Epa West,DC0522AB-Epa West,DC,802338,1688810,737677,3228825,2,1000,40354MA0153ZZ,Thomas P. O Neill Jr,MA0153ZZ-Thomas P. O Neill Jr,MA,1305124,621055,1277660,3203839,3,1220,667139NY0131ZZ,Alex Hamilton Us Cus,NY0131ZZ-Alex Hamilton Us Cus,NY,649195,995701,1558120,3203016,5,200,382085TX0284DA,E Cabell Fob/Uspo/Ct,TX0284DA-E Cabell Fob/Uspo/Ct,TX,1144707,804438,1153162,3102307,4,1600,898399DC0026ZZ,Lafayette,DC0026ZZ-Lafayette,DC,706458,1089036,1303398,3098892,2,500,46681MN0092ZZ,U.S. Courthouse,MN0092ZZ-U.S. Courthouse,MN,941288,1342995,783003,3067285,5,425,474100CA0295ZZ,Ronald Reagan Fb & C,CA0295ZZ-Ronald Reagan Fb & C,CA,1058985,862250,1141349,3062584,5,250,506215DC0463ZZ,"601 - 4th St, Nw","DC0463ZZ-601 - 4th St, Nw",DC,1204317,530907,1282631,3017855,5,1100,31653NY0270ZZ,Emanuel Celler Us Co,NY0270ZZ-Emanuel Celler Us Co,NY,645197,1038292,1312245,2995734,4,318,294394CA0309ZZ,Robert E. Coyle Fede,CA0309ZZ-Robert E. Coyle Fede,CA,751534,751001,1464401,2966937,3,250,392508CA0168ZZ,Federal Building,CA0168ZZ-Federal Building,CA,960017,1122815,857730,2940561,5,250,515903PA0158ZZ,United States Courth,PA0158ZZ-United States Courth,PA,985686,1220058,687420,2893164,4,486,703986VA0321ZZ,Av Bryan Sr Courthou,VA0321ZZ-Av Bryan Sr Courthou,VA,898265,551027,1372994,2822286,3,250,31373PA0278BG,James A Byrne Us Cou,PA0278BG-James A Byrne Us Cou,PA,1263044,807733,673990,2744767,4,646,738524DC0030ZZ,National Building Mu,DC0030ZZ-National Building Mu,DC,620644,945145,1102682,2668471,5,120,11615MO0050ZZ,Charles Evans Whitta,MO0050ZZ-Charles Evans Whitta,MO,803160,1013584,847960,2664705,3,325,545146DC0086ZZ,Thomas P. Oneill Jr.,DC0086ZZ-Thomas P. Oneill Jr.,DC,855855,687406,1079960,2623221,2,301,47703LA0085ZZ,H Boggs Fed Bldg/Cou,LA0085ZZ-H Boggs Fed Bldg/Cou,LA,910803,708890,957676,2577370,5,400,597705OH0301ZZ,Carl B Stokes U.S. C,OH0301ZZ-Carl B Stokes U.S. C,OH,940636,920196,662300,2523132,5,275,605754FL0017ZZ,Bryan Simpson Unites,FL0017ZZ-Bryan Simpson Unites,FL,819064,864919,785586,2469569,4,239,401627FL0010ZZ,"Wilkie D. Ferguson,","FL0010ZZ-Wilkie D. Ferguson,",FL,918183,870657,656087,2444927,5,367,482139MD0232ZZ,Southern Md Courthse,MD0232ZZ-Southern Md Courthse,MD,753206,529324,1135291,2417820,4,170,22308CO0039ZZ,Byron G.Rogers Fb-Ct,CO0039ZZ-Byron G.Rogers Fb-Ct,CO,595226,809644,1009429,2414298,2,500,623294DC0094ZZ,Howard T. Markey Nat,DC0094ZZ-Howard T. Markey Nat,DC,571608,823317,1015633,2410558,4,315,19845AZ0303ZZ,Sandra D. O'Connor C,AZ0303ZZ-Sandra D. O'Connor C,AZ,802227,759217,842922,2404366,5,400,482997CA0091AA,Appraisers Bldg,CA0091AA-Appraisers Bldg,CA,930448,444001,1020208,2394658,4,400,435519TX0224ZZ,Fg Lanham Fed Bldg,TX0224ZZ-Fg Lanham Fed Bldg,TX,840354,706591,847565,2394510,3,1932,669336WA0102ZZ,Us District Courthou,WA0102ZZ-Us District Courthou,WA,991148,617937,751800,2360884,4,450,557077CA0096DD,James R. Browning U.,CA0096DD-James R. Browning U.,CA,1069376,425155,860362,2354893,3,250,312374MN0086TC,Bishop Henry Whipple,MN0086TC-Bishop Henry Whipple,MN,1144870,415010,778077,2337957,5,800,570172MD1440ZZ,Edward A Garmatz Us,MD1440ZZ-Edward A Garmatz Us,MD,749607,990102,546384,2286093,2,350,421089DC0033ZZ,Mary E. Switzer Buil,DC0033ZZ-Mary E. Switzer Buil,DC,676876,858250,710327,2245453,2,375,52615IL0054ZZ,Federal Building,IL0054ZZ-Federal Building,IL,1056355,391428,773896,2221679,5,730,577223MO0544AD,Fed Bldg No 1,MO0544AD-Fed Bldg No 1,MO,765441,731085,702512,2199038,4,455,1060933OH0189CN,John Weld Peck,OH0189CN-John Weld Peck,OH,1001966,474309,674432,2150706,4,1500,689771FL0012ZZ,Sam M. Gibbons Us Co,FL0012ZZ-Sam M. Gibbons Us Co,FL,680346,763496,684778,2128620,1,240,362364IN0133ZZ,Minton-Capehart F/B,IN0133ZZ-Minton-Capehart F/B,IN,934286,453075,732525,2119885,4,715,400312NJ0144ZZ,"Mlk, Jr Courthouse","NJ0144ZZ-Mlk, Jr Courthouse",NJ,602496,307750,1207231,2117476,5,360,308475WI0044ZZ,Fed Bldg & Us Cthse,WI0044ZZ-Fed Bldg & Us Cthse,WI,1029851,539048,544923,2113821,5,320,427773TX0211ZZ,B Casey Courthouse,TX0211ZZ-B Casey Courthouse,TX,768432,491615,846475,2106523,4,295,496481NV0304ZZ,Lloyd D. George Cour,NV0304ZZ-Lloyd D. George Cour,NV,629829,546901,884110,2060841,4,323,368969PA0144ZZ,Us Customhouse,PA0144ZZ-Us Customhouse,PA,822765,770749,460208,2053722,4,771,435830OH0028CN,Potter Stewart U.S.,OH0028CN-Potter Stewart U.S.,OH,710086,672147,634322,2016555,5,250,437718AZ0307ZZ,Evo A. Deconcini Cou,AZ0307ZZ-Evo A. Deconcini Cou,AZ,775035,591995,626635,1993666,4,200,349032KY0086ZZ,Romano Mazzoli Fb,KY0086ZZ-Romano Mazzoli Fb,KY,813050,638113,528374,1979537,4,1200,417326OR0052ZZ,Mark O. Hatfield U.S,OR0052ZZ-Mark O. Hatfield U.S,OR,647615,496113,801777,1945505,5,325,451482GA0010AE,Irs Annex,GA0010AE-Irs Annex,GA,638464,536528,761021,1936012,2,1300,387628IN0048ZZ,Birch Bayh Fed Bldg,IN0048ZZ-Birch Bayh Fed Bldg,IN,902258,475393,473171,1850821,5,297,359292CO0061ZZ,Alfred A. Arraj,CO0061ZZ-Alfred A. Arraj,CO,413107,591360,844669,1849136,2,120,252710TN0088ZZ,Clifford Davis-Odell,TN0088ZZ-Clifford Davis-Odell,TN,654757,574630,590516,1819903,1,250,370149CA0093ZZ,Federal Office Bldg,CA0093ZZ-Federal Office Bldg,CA,830091,343023,643522,1816636,4,500,291036AR0063RK,Little Rock Federal,AR0063RK-Little Rock Federal,AR,499021,544680,767581,1811282,4,870,347697MN0087ZZ,W E Burger Fb & Us C,MN0087ZZ-W E Burger Fb & Us C,MN,789802,649715,364277,1803794,2,219,342289CO0055ZZ,David Skaggs Researc,CO0055ZZ-David Skaggs Researc,CO,665147,82000,1043957,1791103,2,800,369568DC0501BC,Sidney Yates (Audito,DC0501BC-Sidney Yates (Audito,DC,642101,458712,654801,1755614,2,650,15232CO0624AA,Dfc Bldg 810,CO0624AA-Dfc Bldg 810,CO,869462,143021,709634,1722117,3,310,673643SC0068AA,Strom Thurmond Fb,SC0068AA-Strom Thurmond Fb,SC,640203,583399,486603,1710205,3,475,333926NE0531ZZ,Robert Denney Fb&Ct,NE0531ZZ-Robert Denney Fb&Ct,NE,637360,414882,657555,1709797,5,400,376156NE0051ZZ,Edward Zorinsky Fed,NE0051ZZ-Edward Zorinsky Fed,NE,608739,628185,468771,1705694,4,250,356791GA0007ZZ,M. L. King Jr. Fb,GA0007ZZ-M. L. King Jr. Fb,GA,493603,472570,689760,1655933,5,400,336592WV0163ZZ,Robert C. Byrd Fb &,WV0163ZZ-Robert C. Byrd Fb &,WV,711974,408465,520025,1640464,5,252,319651IA0112ZZ,Neal Smith Federal B,IA0112ZZ-Neal Smith Federal B,IA,686231,244169,701754,1632154,5,475,345360MD0767AG,Noaa Satellite Opera,MD0767AG-Noaa Satellite Opera,MD,570145,127755,927786,1625686,1,500,19835CO0516AA,Dfc Bldg 41,CO0516AA-Dfc Bldg 41,CO,484415,402880,727535,1614830,4,410,490923CA0152ZZ,John E. Moss Federal,CA0152ZZ-John E. Moss Federal,CA,560641,286887,756169,1603698,4,531,326958CA0289JJ,New Commercial Fac,CA0289JJ-New Commercial Fac,CA,572241,320052,708161,1600453,4,75,144257MS0007ZZ,U.S. Courthouse,MS0007ZZ-U.S. Courthouse,MS,587754,342730,665921,1596406,4,320,391877FL0067ZZ,Chas. E. Bennett Fb,FL0067ZZ-Chas. E. Bennett Fb,FL,563326,538088,484613,1586027,4,768,299941MO0039ZZ,Federal Bg,MO0039ZZ-Federal Bg,MO,520158,779142,264060,1563360,4,400,406567FL0025ZZ,U.S. Courthouse Anne,FL0025ZZ-U.S. Courthouse Anne,FL,545267,569874,446515,1561657,4,296,318503TX0435HF,1 Justice Park Drive,TX0435HF-1 Justice Park Drive,TX,478197,558210,496987,1533395,5,590,283967IN0300ZZ,U.S. Courthouse,IN0300ZZ-U.S. Courthouse,IN,679037,331612,522135,1532784,5,164,233692NY0281ZZ,James M Hanley Fb,NY0281ZZ-James M Hanley Fb,NY,497737,440943,585311,1523991,3,481,294083AK0013ZZ,Hurff A. Saunders Fb,AK0013ZZ-Hurff A. Saunders Fb,AK,562041,473584,475997,1511621,4,400,284072WA0953KC,Fed Ctr So Office,WA0953KC-Fed Ctr So Office,WA,546584,579068,382432,1508083,5,179,413214MD0205ZZ,Ss Metro Center 1,MD0205ZZ-Ss Metro Center 1,MD,412149,551667,540432,1504247,4,400,16820TX0298ZZ,Gt Leland Federal Bl,TX0298ZZ-Gt Leland Federal Bl,TX,474903,361789,662409,1499101,3,900,346667NY0371ZZ,Robert H Jackson Us,NY0371ZZ-Robert H Jackson Us,NY,502678,615571,377523,1495773,3,140,231833NE0036ZZ,Hruska Us Courthouse,NE0036ZZ-Hruska Us Courthouse,NE,544216,529594,419305,1493115,4,130,286610NM0050ZZ,Pete Domenici Courth,NM0050ZZ-Pete Domenici Courth,NM,443195,419333,623737,1486265,4,216,257711CA0273ZZ,Glenn M Anderson Fed,CA0273ZZ-Glenn M Anderson Fed,CA,432827,426064,625272,1484162,4,550,235346MS0083ZZ,Dr. A. H. Mc Coy Fb,MS0083ZZ-Dr. A. H. Mc Coy Fb,MS,595246,305337,579699,1480281,4,600,370031IL0311ZZ,Stanley J. Roszkowsk,IL0311ZZ-Stanley J. Roszkowsk,IL,653857,240008,585591,1479456,5,75,211414TN0004ZZ,Howard Baker Jr Cths,TN0004ZZ-Howard Baker Jr Cths,TN,556029,472702,445319,1474050,5,275,310606CA0260ZZ,Robert F. Peckham Fb,CA0260ZZ-Robert F. Peckham Fb,CA,448960,235776,782130,1466865,3,280,231455TX0397ZZ,New Austin Courthous,TX0397ZZ-New Austin Courthous,TX,352870,444300,652931,1450102,4,130,189231NM0030ZZ,D Chavez Federal Bld,NM0030ZZ-D Chavez Federal Bld,NM,539780,410282,498783,1448845,3,514,310862AL0003AC,Frank Johnson Annex,AL0003AC-Frank Johnson Annex,AL,437721,593334,414623,1445678,4,180,262016NY0304ZZ,Kenneth B Keating Fb,NY0304ZZ-Kenneth B Keating Fb,NY,379327,564719,479512,1423558,2,200,235373OR0043ZZ,E.Green - W.Wyatt Fb,OR0043ZZ-E.Green - W.Wyatt Fb,OR,679467,297676,442078,1419222,3,412,372461NC0113ZZ,Hiram H. Ward Fb & C,NC0113ZZ-Hiram H. Ward Fb & C,NC,648388,293543,473709,1415640,2,650,226363WA0063ZZ,Fed Bldg Uspo & Ch,WA0063ZZ-Fed Bldg Uspo & Ch,WA,796295,248783,370383,1415461,4,500,343582CO0627AA,Dfc Bldg 67,CO0627AA-Dfc Bldg 67,CO,604034,266597,544324,1414955,1,775,342722TN0052AA,E Kefauver Fed Bldg,TN0052AA-E Kefauver Fed Bldg,TN,504369,524486,375475,1404330,4,1338,291971KS0094ZZ,Robert J. Dole Us Ct,KS0094ZZ-Robert J. Dole Us Ct,KS,428378,489650,481667,1399695,4,245,238040KY0045ZZ,Gene Snyder Usct-Cu,KY0045ZZ-Gene Snyder Usct-Cu,KY,710922,342659,327414,1380995,3,375,361991SC0010ZZ,Matthew Perry Usct,SC0010ZZ-Matthew Perry Usct,SC,409772,510364,456015,1376151,1,52,182058IL0032ZZ,Customhouse,IL0032ZZ-Customhouse,IL,492872,183654,687027,1363554,2,250,247309VA0578ZZ,Spottswood W. Robins,VA0578ZZ-Spottswood W. Robins,VA,651439,327058,363471,1341967,5,223,220669CO0009ZZ,Byron White Us Crths,CO0009ZZ-Byron White Us Crths,CO,320778,439556,540762,1301095,4,80,234998NY0395CB,Cargo Building,NY0395CB-Cargo Building,NY,745011,362472,190397,1297879,4,90,80795CO0511AA,Dfc Bldg 20,CO0511AA-Dfc Bldg 20,CO,381097,39390,861880,1282367,3,300,389299PR0003ZZ,Jose V. Toledo Fb &,PR0003ZZ-Jose V. Toledo Fb &,PR,395905,325055,559948,1280908,5,65,93095NY0323ZZ,Silvio V Mollo Fb,NY0323ZZ-Silvio V Mollo Fb,NY,617651,331583,329827,1279060,4,300,133800MD0068ZZ,Ssa Metro West,MD0068ZZ-Ssa Metro West,MD,74938,465373,728967,1269278,2,1800,899892MD0334ZZ,Harvey W. Wiley Fede,MD0334ZZ-Harvey W. Wiley Fede,MD,292204,930534,44421,1267160,3,600,388500NC0002AE,Veach-Baley Federal,NC0002AE-Veach-Baley Federal,NC,373593,554446,337600,1265639,4,434,240520PA0267ZZ,Ronald Reagan Federa,PA0267ZZ-Ronald Reagan Federa,PA,425023,562946,275579,1263548,5,320,218346CA0200ZZ,Federal Building,CA0200ZZ-Federal Building,CA,423275,392230,443629,1259135,3,700,205378VI0007ZZ,Ron De Lugo Fed Bldg,VI0007ZZ-Ron De Lugo Fed Bldg,VI,364874,463475,428879,1257229,4,87,73983VA0095ZZ,Richard H Poff Fed B,VA0095ZZ-Richard H Poff Fed B,VA,408947,403776,420138,1232862,2,200,255700CA0224ZZ,Hawthorne Federal Bu,CA0224ZZ-Hawthorne Federal Bu,CA,377264,352341,490023,1219628,2,250,205939VA0088ZZ,Federal Office Build,VA0088ZZ-Federal Office Build,VA,521426,333212,353023,1207661,3,789,333461OR0033PE,911 Federal Bldg,OR0033PE-911 Federal Bldg,OR,450767,263890,490779,1205437,4,377,247265OK0072CT,Okc Federal Bldg/Cou,OK0072CT-Okc Federal Bldg/Cou,OK,534820,428937,227463,1191220,5,195,269459MO0612AF,Federal Ctr Bg 105,MO0612AF-Federal Ctr Bg 105,MO,500759,297188,392320,1190268,2,528,372982UT0032ZZ,Wallace F Bennett Fb,UT0032ZZ-Wallace F Bennett Fb,UT,398235,261557,523635,1183427,2,325,324786MS0006AA,Dan M. Russell Jr U.,MS0006AA-Dan M. Russell Jr U.,MS,436970,436348,303956,1177274,5,80,161929AZ0052ZZ,Federal Building & C,AZ0052ZZ-Federal Building & C,AZ,365707,321008,470004,1156718,3,300,288634FL0082ZZ,George C. Young Fed.,FL0082ZZ-George C. Young Fed.,FL,451380,227097,470376,1148853,3,150,175999NJ0056ZZ,Fed. Bldg. 20 Washin,NJ0056ZZ-Fed. Bldg. 20 Washin,NJ,238082,330722,579088,1147893,4,250,137739DC0313ZZ,Judiciary Square,DC0313ZZ-Judiciary Square,DC,316776,197390,633053,1147220,4,300,102000TX0297ZZ,Alliance Tower,TX0297ZZ-Alliance Tower,TX,348599,234901,562827,1146328,4,505,226938CA0083ZZ,Federal Building,CA0083ZZ-Federal Building,CA,257319,109905,728978,1096203,3,152,160549LA0034ZZ,Fe Hebert Federal Bl,LA0034ZZ-Fe Hebert Federal Bl,LA,328109,356048,404305,1088462,5,400,209266CA9551RR,Richard H Chambers C,CA9551RR-Richard H Chambers C,CA,644096,153490,290397,1087983,4,140,146682TX0302ZZ,The Centre Phase 5,TX0302ZZ-The Centre Phase 5,TX,332988,261787,492693,1087468,4,300,321884LA0099ZZ,Jm Shaw Courthouse,LA0099ZZ-Jm Shaw Courthouse,LA,367380,203039,516232,1086651,4,150,178528LA0033ZZ,New Orleans Custom H,LA0033ZZ-New Orleans Custom H,LA,352211,209461,507235,1068907,3,71,296483MO0551AG,Frc Bldg 100,MO0551AG-Frc Bldg 100,MO,59728,467116,534685,1061529,2,25,1015363NV0294ZZ,Bruce R. Thompson Co,NV0294ZZ-Bruce R. Thompson Co,NV,362158,236403,438495,1037057,5,85,171312NH0038ZZ,Warren B. Rudman Us,NH0038ZZ-Warren B. Rudman Us,NH,263821,490685,279399,1033906,4,150,102260TX0292ZZ,Am Smith Federal Bld,TX0292ZZ-Am Smith Federal Bld,TX,389576,195650,446938,1032164,4,250,189738WA0036ZZ,Fed Office Bldg,WA0036ZZ-Fed Office Bldg,WA,487922,234143,309270,1031335,4,338,236628ND0037ZZ,William L. Guy Fb/Po,ND0037ZZ-William L. Guy Fb/Po,ND,242588,166347,621513,1030448,2,137,139810CO0533AA,Dfc Bldg 56,CO0533AA-Dfc Bldg 56,CO,404520,173808,450339,1028668,1,300,354441OR0053ZZ,Wayne L. Morse Us Ct,OR0053ZZ-Wayne L. Morse Us Ct,OR,423250,178484,425051,1026784,5,94,237285WA0035ZZ,William Kenzo Nakamu,WA0035ZZ-William Kenzo Nakamu,WA,462868,206629,357276,1026773,5,123,150913NC0111AB,Terry Sanford Federa,NC0111AB-Terry Sanford Federa,NC,396019,335898,284828,1016745,3,300,324013TX0230ZZ,Gh Mahon Fed Bldg/Co,TX0230ZZ-Gh Mahon Fed Bldg/Co,TX,256464,184500,572755,1013719,3,160,160199CA0235ZZ,Leo J. Ryan Federal,CA0235ZZ-Leo J. Ryan Federal,CA,313710,156906,542048,1012664,4,40,227838OH0194ZZ,John F Seiberling Fb,OH0194ZZ-John F Seiberling Fb,OH,357673,230488,418781,1006943,5,180,186137LA0097BT,Long Federal Bldg,LA0097BT-Long Federal Bldg,LA,295846,222960,482824,1001630,5,140,149637TX0058DA,Santa Fe Federal Bld,TX0058DA-Santa Fe Federal Bld,TX,349166,285053,356632,990851,3,400,274786IA0121ZZ,Courthouse,IA0121ZZ-Courthouse,IA,438357,1237,550097,989691,3,152,305999MI0501BC,Hart-Dole-Inouye Bld,MI0501BC-Hart-Dole-Inouye Bld,MI,502180,234102,250623,986904,5,699,221635ID0025ZZ,James A Mcclure Fed,ID0025ZZ-James A Mcclure Fed,ID,432566,181685,370616,984867,3,300,250147KS0092ZZ,Frank Carlson Fb&Ct,KS0092ZZ-Frank Carlson Fb&Ct,KS,350738,301217,329298,981253,5,395,192479MI0137ZZ,Gerald R. Ford Build,MI0137ZZ-Gerald R. Ford Build,MI,412331,277102,290879,980312,5,150,182435NM0061ZZ,Las Cruces Courthous,NM0061ZZ-Las Cruces Courthous,NM,261132,369997,342242,973371,4,160,183124MI0503BC,Fed Ctr Bldg No 2,MI0503BC-Fed Ctr Bldg No 2,MI,488862,242815,241294,972971,5,494,214800OK0063ZZ,Tulsa Federal Bldg,OK0063ZZ-Tulsa Federal Bldg,OK,140666,99456,725401,965523,4,50,116904AK0029ZZ,Federal Building,AK0029ZZ-Federal Building,AK,257227,408335,295269,960831,4,114,100838FL0089ZZ,Fb-Ct,FL0089ZZ-Fb-Ct,FL,326010,303269,320938,950218,1,200,168923TX0319ZZ,Armenadriz U.S. Cour,TX0319ZZ-Armenadriz U.S. Cour,TX,280996,380831,276732,938559,1,80,210803MO0570AG,Chas F Prevedel Fb,MO0570AG-Chas F Prevedel Fb,MO,426111,46654,460960,933725,4,108,377024OK0101ZZ,Oklahoma City Federa,OK0101ZZ-Oklahoma City Federa,OK,319702,401286,202669,923657,4,350,167254MD0006ZZ,Us Customhouse,MD0006ZZ-Us Customhouse,MD,332319,326228,264059,922607,4,175,135148GA0077AC,"Juliette Gordon Low,","GA0077AC-Juliette Gordon Low,",GA,404335,289893,228348,922576,4,514,181600FL0030ZZ,"Alto Lee Adams, Sr.","FL0030ZZ-Alto Lee Adams, Sr.",FL,249659,326421,339225,915305,1,47,123400TN0006ZZ,Joel W.Solomon Fbct,TN0006ZZ-Joel W.Solomon Fbct,TN,388295,192360,332827,913482,5,165,119383OH0046ZZ,Kinneary Us Cthse,OH0046ZZ-Kinneary Us Cthse,OH,393632,219443,298961,912036,4,165,214440CO0054ZZ,Cesar E. Chavez Memo,CO0054ZZ-Cesar E. Chavez Memo,CO,325845,252638,331934,910417,4,391,188807NV0013ZZ,Foley Fob & Courthou,NV0013ZZ-Foley Fob & Courthou,NV,346160,173938,388165,908263,3,109,196077OH0208CL,Bricker Federal Bldg,OH0208CL-Bricker Federal Bldg,OH,368970,280909,254344,904223,3,350,228555WA0064ZZ,Thomas S. Foley Us C,WA0064ZZ-Thomas S. Foley Us C,WA,453007,193411,251576,897994,4,260,235792OK0046CT,Okc Post Office/Cour,OK0046CT-Okc Post Office/Cour,OK,383484,316454,195620,895557,1,253,199632GA0008ZZ,Elbert P. Tuttle Us,GA0008ZZ-Elbert P. Tuttle Us,GA,268185,251777,363862,883824,4,45,173676TX0057ZZ,Terminal Annex Feder,TX0057ZZ-Terminal Annex Feder,TX,248897,123132,511787,883817,2,100,222057MO0134ZZ,8930 Ward Pky Federa,MO0134ZZ-8930 Ward Pky Federa,MO,463928,190699,210979,865607,4,352,193055AL0011ZZ,Robert S. Vance Fb-C,AL0011ZZ-Robert S. Vance Fb-C,AL,332597,94407,437058,864062,5,40,157252WY0029ZZ,Joseph C O'Mahoney F,WY0029ZZ-Joseph C O'Mahoney F,WY,305099,291562,264095,860757,4,140,207777AR0085RK,Little Rock Uspo/Cth,AR0085RK-Little Rock Uspo/Cth,AR,288299,199612,372290,860201,4,50,153323WV0226ZZ,244 Needy Road,WV0226ZZ-244 Needy Road,WV,334331,229669,289126,853126,3,450,151187AR0030RK,Little Rock Uspo/Cou,AR0030RK-Little Rock Uspo/Cou,AR,301595,19185,525582,846362,1,80,251194CO0006ZZ,Fb-Cu,CO0006ZZ-Fb-Cu,CO,386228,245892,212991,845111,4,317,247309LA0035ZZ,Jm Wisdom Courthouse,LA0035ZZ-Jm Wisdom Courthouse,LA,288173,241674,314686,844533,5,40,180096TX0501HS,San Antonio Federal,TX0501HS-San Antonio Federal,TX,227047,345800,255266,828113,2,250,163060ME0061ZZ,M.C. Smith Fb Poch,ME0061ZZ-M.C. Smith Fb Poch,ME,264386,348516,212093,824995,5,101,127173OH0195ZZ,Fed Bldg & Us Cthse,OH0195ZZ-Fed Bldg & Us Cthse,OH,366792,194948,259264,821005,2,234,151686UT0017ZZ,Frank E Moss Courtho,UT0017ZZ-Frank E Moss Courtho,UT,202633,158567,451555,812755,3,58,234293FL0004ZZ,Us Crthse Annex,FL0004ZZ-Us Crthse Annex,FL,250890,263680,295405,809975,5,96,143710DE0016ZZ,J. Caleb Boggs Ch Fb,DE0016ZZ-J. Caleb Boggs Ch Fb,DE,392826,215926,198115,806867,5,125,180104CT0061ZZ,Robert N Giaimo Fb,CT0061ZZ-Robert N Giaimo Fb,CT,201675,301088,299472,802236,4,160,129553WV0171ZZ,Robert C. Byrd Fb &,WV0171ZZ-Robert C. Byrd Fb &,WV,249938,274153,273091,797183,5,250,160415TX0164ZZ,Hipolito F. Garcia F,TX0164ZZ-Hipolito F. Garcia F,TX,291844,146135,356780,794760,5,63,219061VT0024ZZ,Federal Bldg Uspo Ct,VT0024ZZ-Federal Bldg Uspo Ct,VT,341758,195018,256630,793406,4,155,134396NJ5003ZZ,Mitchell H Cohen Us,NJ5003ZZ-Mitchell H Cohen Us,NJ,323609,254564,211344,789517,3,70,147258OR0023ZZ,Gus J. Solomon Cthse,OR0023ZZ-Gus J. Solomon Cthse,OR,274726,176145,333677,784548,3,242,162010TX0250AU,Homer Thornberry Bld,TX0250AU-Homer Thornberry Bld,TX,238501,322084,223920,784505,4,120,179418VA0054ZZ,Walter E Hoffman Us,VA0054ZZ-Walter E Hoffman Us,VA,324688,219655,232574,776916,2,179,199980KS0070ZZ,U S Court House,KS0070ZZ-U S Court House,KS,271451,192953,310107,774511,4,107,147110MA0011ZZ,Cpt Jf Williams Cg B,MA0011ZZ-Cpt Jf Williams Cg B,MA,226798,267449,279860,774106,4,216,93300TX0313ZZ,Corpus Christi Court,TX0313ZZ-Corpus Christi Court,TX,210385,270054,292592,773031,5,130,145290VA1608ZZ,Federal Building,VA1608ZZ-Federal Building,VA,291783,218253,262661,772697,5,364,167053ND0046ZZ,Fb-Po,ND0046ZZ-Fb-Po,ND,393987,148125,226651,768762,4,75,270884FL0009ZZ,Ft. Myers Fed. Bldg.,FL0009ZZ-Ft. Myers Fed. Bldg.,FL,235573,250642,275388,761602,4,71,145505CT0059ZZ,Brien Mcmahon Usch&F,CT0059ZZ-Brien Mcmahon Usch&F,CT,234148,213997,298791,746935,3,115,116391FL0066AC,Paul G Rogers Fb-Ct,FL0066AC-Paul G Rogers Fb-Ct,FL,194923,342041,206634,743597,1,62,73248TX0808FW,Fed Ctr Bldg 23 Offi,TX0808FW-Fed Ctr Bldg 23 Offi,TX,261517,222252,257475,741245,2,169,105193IL0173ZZ,Paul Findley Buildin,IL0173ZZ-Paul Findley Buildin,IL,295161,156521,287414,739096,3,65,127123WA0120BN,Pac Highway Auto Bus,WA0120BN-Pac Highway Auto Bus,WA,292540,282539,162911,737990,1,53,30418MA0051ZZ,Springfield Federal,MA0051ZZ-Springfield Federal,MA,243519,235781,254212,733512,4,70,127005MO0147ZZ,Rush Hudson Limbaugh,MO0147ZZ-Rush Hudson Limbaugh,MO,295463,158436,278720,732619,4,60,138548IL2125ZZ,11 W Quincy Court,IL2125ZZ-11 W Quincy Court,IL,216796,93775,420191,730762,5,157,100553AL0076AB,Federal Building,AL0076AB-Federal Building,AL,373075,119975,233898,726948,4,620,196575CT0013ZZ,William R. Cotter Fb,CT0013ZZ-William R. Cotter Fb,CT,258781,238210,219269,716260,4,152,157931MN0015ZZ,G W Heaney F.B. & Us,MN0015ZZ-G W Heaney F.B. & Us,MN,208049,173075,321492,702616,4,66,125885CA0903OO,Usgs Bldg 3,CA0903OO-Usgs Bldg 3,CA,185889,216343,290526,692759,4,25,89558MO0531AD,Fed Bldg No 2,MO0531AD-Fed Bldg No 2,MO,341675,192330,157901,691906,3,615,260524SD0040ZZ,Fb,SD0040ZZ-Fb,SD,259276,154054,278456,691786,3,320,210466MT0017ZZ,Fb-Po-Ct,MT0017ZZ-Fb-Po-Ct,MT,466298,99374,125649,691321,2,150,129921TX0227AU,Jj Pickle Federal Bl,TX0227AU-Jj Pickle Federal Bl,TX,298134,81024,310136,689294,4,200,214795NY0002ZZ,James T. Foley Uspo,NY0002ZZ-James T. Foley Uspo,NY,296796,205529,186763,689088,2,124,198339NJ0088ZZ,Clarkson S Fisher Fb,NJ0088ZZ-Clarkson S Fisher Fb,NJ,304740,190024,193036,687800,4,99,163375NJ5002ZZ,Clarkson S Fisher Us,NJ5002ZZ-Clarkson S Fisher Us,NJ,279701,203927,199258,682886,3,135,123370UT0035ZZ,James V Hansen Feder,UT0035ZZ-James V Hansen Feder,UT,228747,170536,280913,680196,4,235,206345NH0030ZZ,James C. Cleveland F,NH0030ZZ-James C. Cleveland F,NH,168471,345701,153477,667648,4,100,109602AL0010ZZ,Federal Building-Cou,AL0010ZZ-Federal Building-Cou,AL,251664,209981,204174,665819,5,100,102168RI0009ZZ,Federal Bldg Usct,RI0009ZZ-Federal Bldg Usct,RI,213206,221636,220981,655822,5,50,123094NY0300ZZ,Leo W Obrien Fb,NY0300ZZ-Leo W Obrien Fb,NY,318321,116544,215564,650428,4,313,197851CA0221ZZ,John F Shea Fed Bldg,CA0221ZZ-John F Shea Fed Bldg,CA,183826,127770,336177,647773,4,70,70541TN0076ZZ,John J. Duncan Fb,TN0076ZZ-John J. Duncan Fb,TN,248847,145968,252105,646920,5,518,120171DC0078ZZ,1724 F Street Nw,DC0078ZZ-1724 F Street Nw,DC,110839,188098,345142,644079,4,80,4689VA0087ZZ,Federal Building,VA0087ZZ-Federal Building,VA,260017,232667,143497,636181,4,437,132929CT0024ZZ,New Haven Courthouse,CT0024ZZ-New Haven Courthouse,CT,202817,158753,269685,631255,4,75,116756TX0502HS,J Wood Courthouse,TX0502HS-J Wood Courthouse,TX,160324,211313,259168,630805,1,75,114990AL0039AB,John A Campbell Usct,AL0039AB-John A Campbell Usct,AL,231608,168724,229272,629604,1,88,103526WA0831KF,Building 7,WA0831KF-Building 7,WA,404833,7831,211451,624116,4,523,201065GA0078ZZ,Tomochichi Fb-Ch,GA0078ZZ-Tomochichi Fb-Ch,GA,254728,167866,200629,623222,4,50,110742MA0113ZZ,Harold D. Donohue Fe,MA0113ZZ-Harold D. Donohue Fe,MA,217691,188447,215209,621348,5,54,96724GA0030ZZ,John C. Godbold Fede,GA0030ZZ-John C. Godbold Fede,GA,165436,238132,216288,619856,4,130,110482IL0235FC,Uspo Loop Station,IL0235FC-Uspo Loop Station,IL,122198,417660,62651,602509,3,5,136173NJ0145ZZ,Robert A. Roe Fb,NJ0145ZZ-Robert A. Roe Fb,NJ,146592,156928,289657,593177,4,176,53663IA0119ZZ,Fed Bldg Uspo,IA0119ZZ-Fed Bldg Uspo,IA,273246,52885,264598,590729,2,70,74521TN0012ZZ,James H. Quillen Usc,TN0012ZZ-James H. Quillen Usc,TN,245689,159278,180088,585056,5,75,136103MO0022ZZ,Christopher Bond Cth,MO0022ZZ-Christopher Bond Cth,MO,264335,85215,231576,581125,5,54,6750CA0092AA,Us Custom House,CA0092AA-Us Custom House,CA,270280,5513,301503,577296,2,100,120308NH0037ZZ,Norris Cotton Fb,NH0037ZZ-Norris Cotton Fb,NH,208377,143157,220568,572103,5,167,104022TX0316ZZ,Brownsville Fed Bldg,TX0316ZZ-Brownsville Fed Bldg,TX,233413,217348,120775,571535,4,193,173302TX0311ZZ,Laredo Federal Bldg/,TX0311ZZ-Laredo Federal Bldg/,TX,191394,149876,230104,571373,2,169,125578SC0058ZZ,J.L. Mcmillan Fb-Ct,SC0058ZZ-J.L. Mcmillan Fb-Ct,SC,240098,143259,187465,570823,3,90,99989WV0030ZZ,Federal Office Build,WV0030ZZ-Federal Office Build,WV,191778,153816,223872,569466,4,86,138154WY0030ZZ,Dick Cheney Fb,WY0030ZZ-Dick Cheney Fb,WY,256893,105835,205328,568056,5,135,120114SD0038ZZ,Fb,SD0038ZZ-Fb,SD,243259,86809,236879,566947,2,205,80926TX0272ZZ,Rc White Federal Bld,TX0272ZZ-Rc White Federal Bld,TX,175407,199031,189315,563753,4,150,167719AK0001ZZ,Anchorage Fed Build,AK0001ZZ-Anchorage Fed Build,AK,264457,130570,157769,552796,3,97,91360VA0063ZZ,Lewis F Powell Jr Us,VA0063ZZ-Lewis F Powell Jr Us,VA,175041,174267,195707,545015,5,10,175961MA0129ZZ,Philip J Philbin Fob,MA0129ZZ-Philip J Philbin Fob,MA,185919,193559,164986,544465,5,80,76613GA0118ZZ,Fb-Po-Ct,GA0118ZZ-Fb-Po-Ct,GA,242052,129577,170240,541869,2,40,91134IA0030ZZ,U S Courthouse,IA0030ZZ-U S Courthouse,IA,208316,87516,245593,541425,4,85,73142AR0078ZZ,Pine Bluff Fob/Uspo/,AR0078ZZ-Pine Bluff Fob/Uspo/,AR,158818,117829,261035,537681,5,30,101408RI0010ZZ,J O Pastore Fb Uspo,RI0010ZZ-J O Pastore Fb Uspo,RI,181398,149094,206389,536881,4,50,110060WA0118ZZ,Fda Bldg,WA0118ZZ-Fda Bldg,WA,182759,240780,103231,526769,1,64,57796NH0036ZZ,Thomas J Mcintyre Fb,NH0036ZZ-Thomas J Mcintyre Fb,NH,148132,218426,154044,520601,5,144,86056TX0075ZZ,Eldon B. Mahon Us Co,TX0075ZZ-Eldon B. Mahon Us Co,TX,181223,116457,221091,518771,3,95,119275OR0051ZZ,Eugene Federal Build,OR0051ZZ-Eugene Federal Build,OR,193891,117214,202455,513560,4,154,98511KY0013ZZ,Covington U.S. Crths,KY0013ZZ-Covington U.S. Crths,KY,194163,119006,190948,504117,3,45,100973NV0012ZZ,C. Clifton Young Fob,NV0012ZZ-C. Clifton Young Fob,NV,190409,76637,234113,501160,2,73,116849IL0154ZZ,Fed Bldg & Us Cthse,IL0154ZZ-Fed Bldg & Us Cthse,IL,182529,76073,235665,494268,5,92,108125FL0064AE,R L Timberlake Jr Fb,FL0064AE-R L Timberlake Jr Fb,FL,178289,156447,159530,494266,4,204,99076TX0101ZZ,Houston Customs Hous,TX0101ZZ-Houston Customs Hous,TX,205949,50168,237936,494053,3,91,136161ND0006ZZ,Fb-Ct,ND0006ZZ-Fb-Ct,ND,129046,262876,100944,492866,3,45,92610MS0079ZZ,United States Courth,MS0079ZZ-United States Courth,MS,146756,149591,192285,488632,4,76,68200MO0618AF,Federal Ctr Bg 110,MO0618AF-Federal Ctr Bg 110,MO,136794,121023,225707,483525,4,197,139938WA0059ZZ,Fed Arch & Rec Ctr,WA0059ZZ-Fed Arch & Rec Ctr,WA,145802,100707,236406,482915,2,30,183908IA0027ZZ,United States Courth,IA0027ZZ-United States Courth,IA,184522,64254,228327,477104,5,57,68391WA0811KA,Administration Bldg,WA0811KA-Administration Bldg,WA,268324,103683,103534,475541,3,370,100748SD0021ZZ,U.S. Courthouse,SD0021ZZ-U.S. Courthouse,SD,169391,79434,224481,473306,5,66,64413MI0118ZZ,Federal Bldg,MI0118ZZ-Federal Bldg,MI,159793,107568,203244,470605,2,75,71004FL0057ZZ,Golden-Collum Fb-Ct,FL0057ZZ-Golden-Collum Fb-Ct,FL,131037,126798,211445,469280,4,38,57374GA0138ZZ,"R.G. Stephens,Jr Fb","GA0138ZZ-R.G. Stephens,Jr Fb",GA,189714,105799,172893,468405,1,186,80088IN0031ZZ,E. Ross Adair Federa,IN0031ZZ-E. Ross Adair Federa,IN,213756,91235,162342,467333,4,77,100542NM0038ZZ,Gallup Federal Bldg,NM0038ZZ-Gallup Federal Bldg,NM,126759,127120,208935,462813,1,115,68763CO0046ZZ,Fb-Po,CO0046ZZ-Fb-Po,CO,160816,57371,243448,461635,4,60,76658KY0042ZZ,Po-Ct,KY0042ZZ-Po-Ct,KY,192467,125721,138114,456302,2,72,84161MN0036ZZ,Federal Building,MN0036ZZ-Federal Building,MN,176637,112480,167182,456299,4,25,143197OH0143ZZ,James M. Ashley And,OH0143ZZ-James M. Ashley And,OH,178900,115080,156616,450595,1,65,80844TX0220MD,G Mahon Post Office/,TX0220MD-G Mahon Post Office/,TX,166943,76660,206543,450145,4,70,91511IA0087ZZ,Fed Bldg & Us Cthse,IA0087ZZ-Fed Bldg & Us Cthse,IA,144567,82396,223140,450104,5,80,98610IN0096ZZ,Robert Grant Federal,IN0096ZZ-Robert Grant Federal,IN,174991,93999,177880,446869,2,94,90786SC0018ZZ,J. Bratton Davis Us,SC0018ZZ-J. Bratton Davis Us,SC,118929,124572,199229,442731,4,41,47427OK0041ZZ,Ed Edmondson U.S. Co,OK0041ZZ-Ed Edmondson U.S. Co,OK,134992,96221,201910,433123,4,63,121342GA0057ZZ,William Augustus Boo,GA0057ZZ-William Augustus Boo,GA,135779,131756,164102,431637,1,60,77311CA0505BB,Bs Main Bldg,CA0505BB-Bs Main Bldg,CA,45110,144881,235779,425770,5,50,90848CO0527AA,Dfc Bldg 50,CO0527AA-Dfc Bldg 50,CO,143680,83040,196795,423516,1,200,124043TX0069ZZ,El Paso Courthouse,TX0069ZZ-El Paso Courthouse,TX,121511,150659,146058,418227,4,115,107822SD0034ZZ,Fb-Po-Ct,SD0034ZZ-Fb-Po-Ct,SD,164694,60736,189952,415382,4,80,94624MS0082ZZ,T. G. Abernethy Fb,MS0082ZZ-T. G. Abernethy Fb,MS,110219,115483,186463,412165,3,30,58889MI0502BC,Fed Ctr Bldg No 1a,MI0502BC-Fed Ctr Bldg No 1a,MI,234732,59181,114720,408633,4,150,104189VT0018ZZ,Federal Bldg Uspo&Cu,VT0018ZZ-Federal Bldg Uspo&Cu,VT,117698,102818,185565,406081,3,55,61331LA0006BT,Baton Rouge Fed Bldg,LA0006BT-Baton Rouge Fed Bldg,LA,103944,98135,201951,404031,4,35,54419NC0005AE,Fb-Ct,NC0005AE-Fb-Ct,NC,161668,72000,168013,401681,4,130,93883NC0058ZZ,Fb-Po Cent.Station,NC0058ZZ-Fb-Po Cent.Station,NC,113964,70977,216210,401151,4,36,78375PA0588ZZ,Edward N Cahn Fb-Us,PA0588ZZ-Edward N Cahn Fb-Us,PA,170547,120788,109135,400469,4,76,76594GA0012ZZ,C.B. King Usct,GA0012ZZ-C.B. King Usct,GA,125358,110673,163106,399137,4,77,62045SD0035ZZ,Andrew W. Bogue Fb/C,SD0035ZZ-Andrew W. Bogue Fb/C,SD,134384,96318,167015,397717,5,85,67292NM0502ZZ,Albuquerque Courthou,NM0502ZZ-Albuquerque Courthou,NM,108528,97284,189069,394881,5,56,65077TX0701HO,Labranch Federal Bld,TX0701HO-Labranch Federal Bld,TX,112915,87758,192888,393561,2,106,75673SC0028ZZ,C.F.Haynsworth Fbct,SC0028ZZ-C.F.Haynsworth Fbct,SC,153276,100463,138281,392020,5,34,64699AR0021ZZ,Ic Parker Courthouse,AR0021ZZ-Ic Parker Courthouse,AR,130730,72991,186471,390192,4,66,85784FL0039ZZ,Winston E. Arnow Us,FL0039ZZ-Winston E. Arnow Us,FL,134378,121796,133859,390033,4,18,59872NY0218ZZ,Alexander Pirnie Fb,NY0218ZZ-Alexander Pirnie Fb,NY,154295,83795,150992,389083,2,85,87767WI0350ZZ,R.W. Kastenmeier Us,WI0350ZZ-R.W. Kastenmeier Us,WI,161363,100314,123070,384747,3,76,68498MT0004ZZ,Mike Mansfield Fb /,MT0004ZZ-Mike Mansfield Fb /,MT,116948,55968,209961,382876,2,20,73336NY0016ZZ,Fed Bldg & Cthse-Bin,NY0016ZZ-Fed Bldg & Cthse-Bin,NY,150135,91119,138807,380061,5,75,75074PA0235ZZ,Herman T. Schneebeli,PA0235ZZ-Herman T. Schneebeli,PA,145615,129578,102837,378030,4,56,74775MI0601DI,Rosa Parks Federal B,MI0601DI-Rosa Parks Federal B,MI,89889,62314,222976,375179,4,80,40473WA0045ZZ,Fed Bldg U S Post Of,WA0045ZZ-Fed Bldg U S Post Of,WA,195025,62925,112257,370207,4,121,107921TN0096ZZ,Fb-Po-Ct,TN0096ZZ-Fb-Po-Ct,TN,120213,26308,221821,368343,4,20,37112AZ0015ZZ,James A. Walsh Court,AZ0015ZZ-James A. Walsh Court,AZ,130399,78230,158803,367432,3,22,69045WA0082ZZ,Fed Bldg And Uspo,WA0082ZZ-Fed Bldg And Uspo,WA,195963,38470,132300,366734,3,50,79085NV0014ZZ,Federal Building,NV0014ZZ-Federal Building,NV,152506,45633,165614,363752,4,92,47249CO0576AA,Dfc Bldg 85,CO0576AA-Dfc Bldg 85,CO,146991,68059,146456,361506,2,300,85672NE0056ZZ,Federal Bg Uspo Cths,NE0056ZZ-Federal Bg Uspo Cths,NE,164462,52263,142269,358994,4,49,71507VT0026ZZ,Federal Bldg Uspo&Ct,VT0026ZZ-Federal Bldg Uspo&Ct,VT,95991,153118,108858,357966,4,77,65271FL0019ZZ,Sidney M. Aronovitz,FL0019ZZ-Sidney M. Aronovitz,FL,69850,111689,167369,348909,2,38,52248ND0047ZZ,Quentin N. Burdick C,ND0047ZZ-Quentin N. Burdick C,ND,151187,55241,142114,348542,4,30,95576TN0029ZZ,Ed Jones Fb-Ct,TN0029ZZ-Ed Jones Fb-Ct,TN,116082,74793,156302,347177,2,48,59500LA0070ZZ,Ellender Fed Bldg/Po,LA0070ZZ-Ellender Fed Bldg/Po,LA,133362,35364,176063,344789,2,75,62551NJ0015ZZ,U.S. Post Office & C,NJ0015ZZ-U.S. Post Office & C,NJ,209338,17797,117380,344516,5,78,87861OR0024ZZ,The Pioneer Cthse,OR0024ZZ-The Pioneer Cthse,OR,124020,54021,166244,344285,3,20,43333MN0076ZZ,Federal Building,MN0076ZZ-Federal Building,MN,122267,75026,144840,342133,5,85,41846MI0048ZZ,Federal Bldg,MI0048ZZ-Federal Bldg,MI,128853,103807,104099,336759,4,50,62777CA0902OO,Gsa Bldg 2,CA0902OO-Gsa Bldg 2,CA,90962,101568,143043,335573,2,30,44117SC0012AC,Po-Ct,SC0012AC-Po-Ct,SC,106293,160603,68073,334969,3,25,42025HI0001ZZ,Federal Building & U,HI0001ZZ-Federal Building & U,HI,107569,56010,167331,330910,4,30,35134MS0072ZZ,Wm M. Colmer Fb-Ct,MS0072ZZ-Wm M. Colmer Fb-Ct,MS,90445,106299,130902,327646,4,51,59363NC0085ZZ,Alton Lennon Fb-Ct,NC0085ZZ-Alton Lennon Fb-Ct,NC,119526,84244,122610,326379,4,53,56972AR0062ZZ,Hot Springs Post Off,AR0062ZZ-Hot Springs Post Off,AR,104027,57188,160741,321956,1,66,62383VA0062ZZ,Lewis F Powell Jr Us,VA0062ZZ-Lewis F Powell Jr Us,VA,128543,79357,112848,320748,2,80,92570KY0089ZZ,Carl D Perkins Fbct,KY0089ZZ-Carl D Perkins Fbct,KY,161284,76839,81541,319664,4,75,57852MI0097ZZ,Federal Bldg & Us Co,MI0097ZZ-Federal Bldg & Us Co,MI,101004,29636,186594,317234,4,25,43501SC0041ZZ,Donald Stuart Russel,SC0041ZZ-Donald Stuart Russel,SC,101767,71994,141038,314799,3,17,49568IL0302ZZ,U.S. Courthouse,IL0302ZZ-U.S. Courthouse,IL,151160,65087,97455,313702,4,50,46135AR0057ZZ,Texarkana Uspo/Court,AR0057ZZ-Texarkana Uspo/Court,AR,102405,71407,139126,312938,4,70,86190MO0602AF,Federal Ctr Bg 107,MO0602AF-Federal Ctr Bg 107,MO,38899,23817,244226,306941,4,20,28193TX0262TY,Tyler Federal Bldg/C,TX0262TY-Tyler Federal Bldg/C,TX,89077,63477,154295,306849,1,65,48156TX0006ZZ,Jm Jones Federal Bld,TX0006ZZ-Jm Jones Federal Bld,TX,94853,82381,129546,306780,5,42,62619AK0005AK,Federal,AK0005AK-Federal,AK,96703,76128,131215,304047,3,70,36611GA0044ZZ,Fb-Ct,GA0044ZZ-Fb-Ct,GA,118390,76352,108916,303658,4,50,48113IL0301ES,Melvin Price Fed. Bl,IL0301ES-Melvin Price Fed. Bl,IL,149777,51177,98854,299807,5,60,63188AR0079ZZ,Batesville Fob/Uspo/,AR0079ZZ-Batesville Fob/Uspo/,AR,76080,66448,156219,298746,2,25,47899FL0049ZZ,U. S. Courthouse,FL0049ZZ-U. S. Courthouse,FL,94770,140969,59050,294788,4,30,40296AR0066ZZ,Helena Post Office/C,AR0066ZZ-Helena Post Office/C,AR,57558,48983,184876,291417,3,22,34293CA0149ZZ,Federal Building,CA0149ZZ-Federal Building,CA,153113,49469,87196,289778,5,50,45771KY0088ZZ,J. C. Watts Fb,KY0088ZZ-J. C. Watts Fb,KY,84655,66028,125226,275909,4,65,54642GA0103ZZ,Frank M Scarlett Fb,GA0103ZZ-Frank M Scarlett Fb,GA,102919,61444,111024,275387,5,40,57632WV1251ZZ,Jennings Randolph Fe,WV1251ZZ-Jennings Randolph Fe,WV,116718,76071,82433,275221,4,45,53416AL0034ZZ,Po-Ct,AL0034ZZ-Po-Ct,AL,90721,71189,111702,273612,2,40,37248IL0069ES,Melvin Price Federal,IL0069ES-Melvin Price Federal,IL,133719,53348,86365,273431,5,35,56132WV0047ZZ,Fb & Us Courthouse,WV0047ZZ-Fb & Us Courthouse,WV,113662,65959,93324,272945,5,31,64824AZ0554BB,Bs Hd Hse Bldg 2,AZ0554BB-Bs Hd Hse Bldg 2,AZ,91948,71832,108234,272013,1,89,44757KY0059ZZ,Fb-Ct,KY0059ZZ-Fb-Ct,KY,81730,78248,111906,271883,5,25,48028WV0016FP,Sidney L Christie Fb,WV0016FP-Sidney L Christie Fb,WV,109495,2850,158993,271337,4,62,84000NM0015SN,Campos Federal Court,NM0015SN-Campos Federal Court,NM,76413,82193,107889,266495,4,27,42056WV0053ZZ,U.S. Courthouse,WV0053ZZ-U.S. Courthouse,WV,92640,71202,98887,262729,4,55,64462NM0042ZZ,Runnels Federal Bldg,NM0042ZZ-Runnels Federal Bldg,NM,80157,82718,97031,259906,4,48,57547OH0302ZZ,Nathaniel R Jones Fb,OH0302ZZ-Nathaniel R Jones Fb,OH,124508,64276,70758,259541,4,49,44476PA0600ZZ,New Construction Ann,PA0600ZZ-New Construction Ann,PA,81674,79144,97139,257958,4,13,53450MA0158ZZ,Hastings Keith Fb,MA0158ZZ-Hastings Keith Fb,MA,73130,107317,74006,254453,4,35,32428TX0182TY,Tyler Post Office/Co,TX0182TY-Tyler Post Office/Co,TX,86177,50648,116758,253582,5,12,46431MA0180ZZ,Silvio O. Conte Fb,MA0180ZZ-Silvio O. Conte Fb,MA,78985,58679,115818,253481,3,30,26873SC0011ZZ,U.S. Customhouse,SC0011ZZ-U.S. Customhouse,SC,107747,91775,53734,253256,2,45,36229MI0539BC,Child Care Facility,MI0539BC-Child Care Facility,MI,163023,36800,45891,245714,4,32,16795WA0824KF,Warehouse 1,WA0824KF-Warehouse 1,WA,22037,146902,76513,245452,5,100,170932WA0053ZZ,Wm O Douglas Fbusct,WA0053ZZ-Wm O Douglas Fbusct,WA,117430,48479,79093,245002,4,30,52984NM0035ZZ,Roswell Federal Buil,NM0035ZZ-Roswell Federal Buil,NM,87583,53912,102589,244083,4,42,56173CO0018ZZ,Wayne Aspinall Fbct,CO0018ZZ-Wayne Aspinall Fbct,CO,75218,23157,142409,240784,4,40,36907WV0050ZZ,Fb & Garage,WV0050ZZ-Fb & Garage,WV,77482,48739,110960,237181,2,75,40132DC1415NA,Office Building,DC1415NA-Office Building,DC,9666,177899,35139,222704,2,800,12837IN0057ZZ,Charles A Halleck Fe,IN0057ZZ-Charles A Halleck Fe,IN,76632,48460,97472,222563,4,11,45197VA0686ZZ,U. S. Courthouse,VA0686ZZ-U. S. Courthouse,VA,119847,66196,36478,222521,4,17,51959ND0014ZZ,Judge Bruce M. Van S,ND0014ZZ-Judge Bruce M. Van S,ND,56968,47646,114884,219498,4,25,39256WY0003ZZ,Ewing T. Kerr Fb-Ct,WY0003ZZ-Ewing T. Kerr Fb-Ct,WY,104759,46055,66831,217644,5,35,57605AZ0555BB,Bs Bldg 1,AZ0555BB-Bs Bldg 1,AZ,71385,55678,83994,211057,1,30,34483OR0045ZZ,David J. Wheeler Fb,OR0045ZZ-David J. Wheeler Fb,OR,102540,30268,75354,208161,5,46,44694MN0084ZZ,Social Security Adm,MN0084ZZ-Social Security Adm,MN,98567,52020,55605,206192,5,60,22035UT0010ZZ,Forest Service Bldg,UT0010ZZ-Forest Service Bldg,UT,82616,52286,69076,203978,2,25,46680ND0008ZZ,Ronald N. Davies Fed,ND0008ZZ-Ronald N. Davies Fed,ND,43395,62341,97687,203423,4,20,40173LA0029ZZ,Monroe Federal Bldg/,LA0029ZZ-Monroe Federal Bldg/,LA,60222,44766,97584,202572,3,25,40939OH0215ZZ,Thomas D Lambros Fob,OH0215ZZ-Thomas D Lambros Fob,OH,87795,56678,53748,198220,4,37,33290CA0773KK,Fed Cntr Bldg 2d,CA0773KK-Fed Cntr Bldg 2d,CA,67864,41925,85653,195442,4,10,22654GA0036ZZ,J. Roy Rowland Fed.,GA0036ZZ-J. Roy Rowland Fed.,GA,57859,55654,79752,193265,4,9,23891TX0163ZZ,Oc Fisher Fed Bldg/C,TX0163ZZ-Oc Fisher Fed Bldg/C,TX,55243,40681,91721,187645,4,12,33463PA0064ZZ,Fb & Courthouse,PA0064ZZ-Fb & Courthouse,PA,76698,62049,45753,184500,2,23,50036WY0004ZZ,Fob,WY0004ZZ-Fob,WY,71877,46386,64422,182685,4,55,29919NC0095ZZ,J. J. Hayes Fb,NC0095ZZ-J. J. Hayes Fb,NC,65951,32129,84303,182383,4,19,36524SC0076AC,Hollings Jud Ctr,SC0076AC-Hollings Jud Ctr,SC,102748,11778,66922,181447,3,10,25055ND0002ZZ,Fb,ND0002ZZ-Fb,ND,70948,41850,62996,175794,4,66,37637SC0004ZZ,G. Ross Anderson Jr.,SC0004ZZ-G. Ross Anderson Jr.,SC,75003,22742,73484,171228,3,7,28566WV0003ZZ,Elizabeth Kee Federa,WV0003ZZ-Elizabeth Kee Federa,WV,77209,49150,39880,166239,2,24,37619IL0220ZZ,Federal Building,IL0220ZZ-Federal Building,IL,72957,39745,49387,162089,3,55,32155AL0004ZZ,Fb-Ct,AL0004ZZ-Fb-Ct,AL,42898,35334,82230,160461,3,14,19397VA0053ZZ,Owen B Pickett Us Cu,VA0053ZZ-Owen B Pickett Us Cu,VA,78261,50537,29171,157969,3,47,18622MI0506BC,Bldg No 2-C Fed Cntr,MI0506BC-Bldg No 2-C Fed Cntr,MI,82517,20868,43781,147167,4,105,36303IL0200ZZ,Fed Bldg-Po-Us Cthse,IL0200ZZ-Fed Bldg-Po-Us Cthse,IL,66664,27770,51147,145581,4,30,30185NC0092ZZ,Fb-Po-Ct,NC0092ZZ-Fb-Po-Ct,NC,41162,41393,62159,144714,3,15,31420CA0185ZZ,Social Security Bldg,CA0185ZZ-Social Security Bldg,CA,74385,31491,38727,144603,5,35,12811IL0206ZZ,William L. Beatty Fb,IL0206ZZ-William L. Beatty Fb,IL,69464,26942,44511,140916,3,46,29670MI0504BC,Fed Ctr Bldg No 2a,MI0504BC-Fed Ctr Bldg No 2a,MI,80376,20326,38928,139630,5,197,35358PA0644ZZ,Erie Library,PA0644ZZ-Erie Library,PA,42623,40249,54321,137193,2,19,28892ME0035ZZ,Us Custom House,ME0035ZZ-Us Custom House,ME,36085,39728,60767,136581,4,7,19009MI0538BC,Bldg 1b Federal Ctr,MI0538BC-Bldg 1b Federal Ctr,MI,73273,18530,39713,131516,4,6,32463UT0014ZZ,J. Will Robinson Fb,UT0014ZZ-J. Will Robinson Fb,UT,30852,27338,71592,129782,5,13,28973CO0625AA,Dfc Bldg 15,CO0625AA-Dfc Bldg 15,CO,25868,49236,54123,129227,4,14,27749WA0094ZZ,Vancouver Federal Bl,WA0094ZZ-Vancouver Federal Bl,WA,53481,21224,53987,128691,5,48,20508WA0028ZZ,Richard B. Anderson,WA0028ZZ-Richard B. Anderson,WA,62137,25961,39982,128080,4,7,19194OK0039ZZ,C Albert Fed Bldg/Co,OK0039ZZ-C Albert Fed Bldg/Co,OK,39163,26809,58996,124968,5,4,22073WV0010ZZ,Forest Service Build,WV0010ZZ-Forest Service Build,WV,62164,29512,28948,120624,4,72,30604CO0631AA,Dfc Bldg 710,CO0631AA-Dfc Bldg 710,CO,39825,35511,43756,119092,3,60,33805KY0043AB,Fb-Ct,KY0043AB-Fb-Ct,KY,53550,10690,51485,115725,4,3,16380CO0654AA,Building 710a,CO0654AA-Building 710a,CO,42214,14150,54731,111095,4,55,54000AK0514ZZ,Fed Bldg Us Po,AK0514ZZ-Fed Bldg Us Po,AK,25830,17435,66743,110007,3,25,10703NE0018ZZ,Federal Bg,NE0018ZZ-Federal Bg,NE,41660,12279,54601,108540,5,20,27375WA0821KF,Warehouse 5,WA0821KF-Warehouse 5,WA,12916,44375,47737,105028,4,12,172341IL0222ZZ,Federal Building,IL0222ZZ-Federal Building,IL,59973,16527,26748,103249,4,20,18296CA0914OO,Rock Proc Lab,CA0914OO-Rock Proc Lab,CA,26838,36500,37989,101328,1,5,11457VT0028ZZ,Winston Prouty Fb,VT0028ZZ-Winston Prouty Fb,VT,35641,26678,37110,99428,4,28,10859CO0626AA,Dfc Bldg 16,CO0626AA-Dfc Bldg 16,CO,36212,14138,48350,98699,5,52,33625GA0081AC,"Juliette Gordon Low,","GA0081AC-Juliette Gordon Low,",GA,50706,1587,32658,84951,4,12,17142TX0973YS,Usbs Ysleta Bldg B -,TX0973YS-Usbs Ysleta Bldg B -,TX,40379,15462,28580,84421,5,8,8946OK0074ZZ,Lawton Federal Bldg/,OK0074ZZ-Lawton Federal Bldg/,OK,11750,36016,30874,78639,1,25,24439MI0505BC,Bldg 2b Federal Cts.,MI0505BC-Bldg 2b Federal Cts.,MI,44675,10632,21665,76972,5,1,19834CA0765KK,Federal Cntr Bldg 2c,CA0765KK-Federal Cntr Bldg 2c,CA,27661,14978,32580,75220,5,12,8439CA0763KK,Federal Cntr Bldg 2b,CA0763KK-Federal Cntr Bldg 2b,CA,27571,14711,30054,72336,1,10,8376ND0032ZZ,Bdr Patrol Sector Hq,ND0032ZZ-Bdr Patrol Sector Hq,ND,33192,7450,30990,71632,4,5,11105LA0811NE,Bpsh New Orleans Bld,LA0811NE-Bpsh New Orleans Bld,LA,17901,33390,19702,70993,3,5,4206OH0100ZZ,Donald J. Pease Fede,OH0100ZZ-Donald J. Pease Fede,OH,24815,14394,29739,68949,5,5,5934ID0027ZZ,Social Security,ID0027ZZ-Social Security,ID,25431,13816,21177,60424,3,16,7773MO0613AF,Fed Ctr Bg 105e,MO0613AF-Fed Ctr Bg 105e,MO,26865,9241,21067,57173,4,19,18411AZ0632FF,Brdr Patl Sect Hq Ga,AZ0632FF-Brdr Patl Sect Hq Ga,AZ,26512,15720,13849,56081,4,4,6057MO0547AD,"Fed Bldg, No.6","MO0547AD-Fed Bldg, No.6",MO,25586,13795,11433,50813,5,50,17902MO0614AF,Fed Ctr Bg 105f,MO0614AF-Fed Ctr Bg 105f,MO,21473,8460,20130,50063,3,41,17230MO0610AF,Fed Ctr Bg 104e,MO0610AF-Fed Ctr Bg 104e,MO,26716,1324,21557,49597,4,28,17650DC0120AA,Jackson Pl Complex,DC0120AA-Jackson Pl Complex,DC,22858,4034,22133,49025,4,5,475MO0605AF,Fed Ctr Bg 102e,MO0605AF-Fed Ctr Bg 102e,MO,20360,9597,17745,47703,2,4,13749MO0611AF,Fed Ctr Bg 104f,MO0611AF-Fed Ctr Bg 104f,MO,19418,8123,18970,46510,4,50,16185MI0724SB,Land Port Of Entry,MI0724SB-Land Port Of Entry,MI,17600,1268,23583,42451,2,92,49616AK0032AA,Fed Bld-Usch-Annex,AK0032AA-Fed Bld-Usch-Annex,AK,32250,6191,2706,41147,2,150,64822CO0518AA,Dfc Bldg 44,CO0518AA-Dfc Bldg 44,CO,10341,13438,12926,36704,3,15,9382MO0607AF,Fed Ctr Bg 103d,MO0607AF-Fed Ctr Bg 103d,MO,7202,6933,19324,33458,2,3,13814MO0532AD,Fed Bldg No 4,MO0532AD-Fed Bldg No 4,MO,16865,8495,6634,31994,5,52,11026DC0126AA,Jackson Pl Complex,DC0126AA-Jackson Pl Complex,DC,12947,1107,11439,25493,5,8,390CA0299JJ,Bs Warehouse Bldg,CA0299JJ-Bs Warehouse Bldg,CA,8620,3109,10679,22408,3,3,2173MO0546AD,Federal Building 52,MO0546AD-Federal Building 52,MO,7697,7974,5839,21511,3,1,10348